Workbook
Name _qde12: 'Calculos Espesores'!#REF!
Name _qde12: Cargas!$G$15
Name _qde13: 'Calculos Espesores'!#REF!
Name _qde13: Cargas!$G$16
Name _qde14: 'Calculos Espesores'!#REF!
Name _qde14: Cargas!$G$17
Name _qde15: 'Calculos Espesores'!#REF!
Name _qde15: Cargas!$G$18
Name _qde16: 'Calculos Espesores'!#REF!
Name _qde16: Cargas!$G$19
Name _qde17: 'Calculos Espesores'!#REF!
Name _qde17: Cargas!$G$20
Name _qde18: 'Calculos Espesores'!#REF!
Name _qde18: Cargas!$G$21
Name _qde19: 'Calculos Espesores'!#REF!
Name _qde19: Cargas!$G$22
Name _qde20: 'Calculos Espesores'!#REF!
Name _qde20: Cargas!$G$23
Name _qdt10: 'Calculos Espesores'!#REF!
Name _qdt10: Cargas!$G$53
Name _qdt11: 'Calculos Espesores'!#REF!
Name _qdt11: Cargas!$G$54
Name _qdt12: 'Calculos Espesores'!#REF!
Name _qdt12: Cargas!$G$55
Name _qdt13: 'Calculos Espesores'!#REF!
Name _qdt13: Cargas!$G$56
Name _qdt14: 'Calculos Espesores'!#REF!
Name _qdt14: Cargas!$G$57
Name _qdt15: 'Calculos Espesores'!#REF!
Name _qdt15: Cargas!$G$58
Name _qdt16: 'Calculos Espesores'!#REF!
Name _qdt16: Cargas!$G$59
Name _qdt17: 'Calculos Espesores'!#REF!
Name _qdt17: Cargas!$G$60
Name _qdt18: 'Calculos Espesores'!#REF!
Name _qdt18: Cargas!$G$61
Name _qdt19: 'Calculos Espesores'!#REF!
Name _qdt19: Cargas!$G$62
Name _qdt20: 'Calculos Espesores'!#REF!
Name _qdt20: Cargas!$G$63
Name _qdt6: 'Calculos Espesores'!#REF!
Name _qdt6: Cargas!$G$49
Name _qdt7: 'Calculos Espesores'!#REF!
Name _qdt7: Cargas!$G$50
Name _qdt8: 'Calculos Espesores'!#REF!
Name _qdt8: Cargas!$G$51
Name _qdt9: 'Calculos Espesores'!#REF!
Name _qdt9: Cargas!$G$52
Name f_c: '[1]Viga E1 V2'!$D$4
Name f_c: #REF!
Name fy: '[1]Viga E1 V2'!$G$4
Name fy: #REF!
Name qlb: 'Calculos Espesores'!#REF!
Name qlb: Cargas!$F$32
Name qle: 'Calculos Espesores'!#REF!
Name qle: [1]Cargas!$F$26
Name qle: Cargas!$F$31
Name qlt: 'Calculos Espesores'!#REF!
Name qlt: [1]Cargas!$F$52
Name qlt: Cargas!$F$71

Sheet Cargas
C2: INGENIERO DEMO | E2: Proyecto: | G2: Proyecto Demo
C3: INGENIERO CIVIL | E3: Fecha : | G3: 45904
D4: CODIA: 0 | E4: Desc. : | G4: Cuantificación de Cargas
C6: Cuantificación de Sobre Carga
C7: ENTREPISO
C8: Carga Muerta | D8: h (m) | E8: d [ton/m³] | F8: w [ton/m²] | G8: qd (ton/m²)
C9: Losa de 6 | D9: 0.06 | E9: 2.4 | F9: =D9*E9 -> 0.144 | G9: =F9+$F$28+$F$26+$F$27 -> 0.325
C10: Losa de 7 | D10: 0.07 | E10: 2.4 | F10: =D10*E10 -> 0.168 | G10: =F10+$F$28+$F$26+$F$27 -> 0.349
C11: Losa de 8 | D11: 0.08 | E11: 2.4 | F11: =D11*E11 -> 0.192 | G11: =F11+$F$28+$F$26+$F$27 -> 0.373
C12: Losa de 9 | D12: 0.09 | E12: 2.4 | F12: =D12*E12 -> 0.216 | G12: =F12+$F$28+$F$26+$F$27 -> 0.397
C13: Losa de 10 | D13: 0.1 | E13: 2.4 | F13: =D13*E13 -> 0.24 | G13: =F13+$F$28+$F$26+$F$27 -> 0.421
C14: Losa de 11 | D14: 0.11 | E14: 2.4 | F14: =D14*E14 -> 0.264 | G14: =F14+$F$28+$F$26+$F$27 -> 0.445
C15: Losa de 12 | D15: 0.12 | E15: 2.4 | F15: =D15*E15 -> 0.288 | G15: =F15+$F$28+$F$26+$F$27 -> 0.469
C16: Losa de 13 | D16: 0.13 | E16: 2.4 | F16: =D16*E16 -> 0.312 | G16: =F16+$F$28+$F$26+$F$27 -> 0.493
C17: Losa de 14 | D17: 0.14 | E17: 2.4 | F17: =D17*E17 -> 0.336 | G17: =F17+$F$28+$F$26+$F$27 -> 0.517
C18: Losa de 15 | D18: 0.15 | E18: 2.4 | F18: =D18*E18 -> 0.36 | G18: =F18+$F$28+$F$26+$F$27 -> 0.541
C19: Losa de 16 | D19: 0.16 | E19: 2.4 | F19: =D19*E19 -> 0.384 | G19: =F19+$F$28+$F$26+$F$27 -> 0.565
C20: Losa de 17 | D20: 0.17 | E20: 2.4 | F20: =D20*E20 -> 0.408 | G20: =F20+$F$28+$F$26+$F$27 -> 0.589
... C23: Losa de 20 | D23: 0.2 | E23: 2.4 | F23: =D23*E23 -> 0.48 | G23: =F23+$F$28+$F$26+$F$27 -> 0.661
C25: Pesos Propios
C26: Mosaicos | D26: 0.03 | E26: 2.3 | F26: =D26*E26 -> 0.069
C27: Mortero | D27: 0.04 | E27: 1.8 | F27: =D27*E27 -> 0.072
C28: Pañete | D28: 0.02 | E28: 2 | F28: =D28*E28 -> 0.04
C30: Carga Viva
C31: Entrepiso | E31: ql = | F31: 0.2 | G31: ton/m²
C32: Balcones y Escalera | E32: ql = | F32: 0.4 | G32: ton/m²
C34: qu= 1.2qd + 1.6ql | D34: ACI-318-05
C36: Descripción | D36: qd[ton/m²] | E36: ql[ton/m²] | F36: qu[ton/m²]
C37: Interior (h=0.12) | D37: =G15 -> 0.469 | E37: =F31 -> 0.2 | F37: =1.6*E37+1.2*D37 -> 0.8828
C38: Interior (h=0.14) | D38: 0.52 | E38: 0.4 | F38: =1.6*E38+1.2*D38 -> 1.264
C39: Interior (h=0.12)s/pand | D39: =F15+F26+F27+F28 -> 0.469 | E39: 0.2 | F39: =1.6*E39+1.2*D39 -> 0.8828
C42: INGENIERO DEMO | E42: Proyecto: | G42: =G2 -> Proyecto Demo
C43: INGENIERO CIVIL | E43: Fecha : | G43: =G3 -> 45904
D44: CODIA: 0 | E44: Desc. : | G44: Cuantificación de Cargas
C46: Cuantificación de Sobre Carga
C47: TECHO | R47: D | S47: L
C48: Carga Muerta | D48: h (m) | E48: d [ton/m³] | F48: w [ton/m²] | G48: qd (ton/m²) | R48: 1.2 | S48: 1.6
C49: Losa de 6 | D49: 0.06 | E49: 2.4 | F49: =D49*E49 -> 0.144 | G49: =F49+$F$66+$F$67+$F$68 -> 0.328
C50: Losa de 7 | D50: 0.07 | E50: 2.4 | F50: =D50*E50 -> 0.168 | G50: =F50+$F$66+$F$67+$F$68 -> 0.352
C51: Losa de 8 | D51: 0.08 | E51: 2.4 | F51: =D51*E51 -> 0.192 | G51: =F51+$F$66+$F$67+$F$68 -> 0.376
C52: Losa de 9 | D52: 0.09 | E52: 2.4 | F52: =D52*E52 -> 0.216 | G52: =F52+$F$66+$F$67+$F$68 -> 0.4
C53: Losa de 10 | D53: 0.1 | E53: 2.4 | F53: =D53*E53 -> 0.24 | G53: =F53+$F$66+$F$67+$F$68 -> 0.424
C54: Losa de 11 | D54: 0.11 | E54: 2.4 | F54: =D54*E54 -> 0.264 | G54: =F54+$F$66+$F$67+$F$68 -> 0.448
C55: Losa de 12 | D55: 0.12 | E55: 2.4 | F55: =D55*E55 -> 0.288 | G55: =F55+$F$66+$F$67+$F$68 -> 0.472
C56: Losa de 13 | D56: 0.13 | E56: 2.4 | F56: =D56*E56 -> 0.312 | G56: =F56+$F$66+$F$67+$F$68 -> 0.496
C57: Losa de 14 | D57: 0.14 | E57: 2.4 | F57: =D57*E57 -> 0.336 | G57: =F57+$F$66+$F$67+$F$68 -> 0.52
C58: Losa de 15 | D58: 0.15 | E58: 2.4 | F58: =D58*E58 -> 0.36 | G58: =F58+$F$66+$F$67+$F$68 -> 0.544
C59: Losa de 16 | D59: 0.16 | E59: 2.4 | F59: =D59*E59 -> 0.384 | G59: =F59+$F$66+$F$67+$F$68 -> 0.568
C60: Losa de 17 | D60: 0.17 | E60: 2.4 | F60: =D60*E60 -> 0.408 | G60: =F60+$F$66+$F$67+$F$68 -> 0.592
... C63: Losa de 20 | D63: 0.2 | E63: 2.4 | F63: =D63*E63 -> 0.48 | G63: =F63+$F$66+$F$67+$F$68 -> 0.664
C65: Pesos Propios
C66: Fino | D66: 0.08 | E66: 1.8 | F66: =D66*E66 -> 0.144
C67: Impermeabilizante | D67: 0.02 | E67: 0.5 | F67: =D67*E67 -> 0.01
C68: Pañete | D68: 0.015 | E68: 2 | F68: =D68*E68 -> 0.03 | G68: ton/m²
C70: Carga Viva
C71: Techo Plano | E71: ql = | F71: 0.1 | G71: ton/m²
C73: qu= 1.2qd + 1.6ql
C75: Descripción | D75: qd[ton/m²] | E75: ql[ton/m²] | F75: qu[ton/m²]
C76: Techo (h=0.12) | D76: =G55 -> 0.472 | E76: =F71 -> 0.1 | F76: =1.6*E76+1.2*D76 -> 0.7264

Sheet Calculos Espesores
C2: INGENIERO DEMO | E2: Proyecto: | F2: =Cargas!G2 -> Proyecto Demo
C3: INGENIERO CIVIL | E3: Fecha : | F3: =Cargas!G3 -> 45904
D4: CODIA: 0 | E4: Desc. : | F4: Cálculo espesor de losas
C8: Según ACI-318-08 Art. 9.5.2.1 (1 dirección)
C33: Según ACI-318-08 Art. 9.5.3.3 (2 direcciones)

Sheet Espesor Earlette
AB1: {=_xlfn.TEXTAFTER(CELL("filename",S2),"]")} -> Espesor Earlette
B2: INGENIERO DEMO | E2: Proyecto: | G2: =Cargas!G2 -> Proyecto Demo | J2: Pag. | AB2: =_xlfn.TEXTAFTER(AB1,"Espesor") -> Earlette | AC2: =_xlfn.CONCAT(AB2," ","/") -> Earlette /
B3: INGENIERO CIVIL | E3: Fecha : | G3: =Cargas!G3 -> 45904 | J3: 1
B4: CODIA: | C4: 0 | E4: Desc. : | F4: =_xlfn.CONCAT("Espesor"," ","de"," ","Losas"," ",AB2) -> Espesor de Losas Earlette
A6: Cant. de Losas: | B6: =IF(COUNTIFS(C9:C58,"<>1", B9:B58,"<>1")=0, 50, COUNTIFS(C9:C58,"<>1", B9:B58,"<>1")) -> 21 | C6: Fy = | D6: 4200 | E6: Kg/cm²
N7: T | S7: L
A8: LOSA | B8: Lx | C8: Ly | D8: Cond. | E8: K | F8: Ln | G8: b | H8: h [cm] | L8: bw | M8: H | N8: Is | O8: B | P8: yt | Q8: Ib | R8: α | S8: Is | T8: B | U8: yt | V8: Ib | W8: α | X8: T | Y8: L | Z8: αfm | AA8: H
A9: 1 | B9: 6.45 | C9: 5.4 | D9: =IF((MAX(B9:C9)/MIN(B9:C9))>2,"1D","2D") -> 2D | E9: =IF(D9="2D","N.A.",10) -> N.A. | F9: =IF(D9="1D",MIN(B9:C9),MAX(B9:C9)) -> 6.45 | G9: =MAX(B9:C9)/MIN(B9:C9) -> 1.1944444 | H9: =IF(D9="2d",(F9*(0.8+($D$6/14000)))/(36+9*G9),F9/E9) -> 0.15176471 | I9: Usar h = | J9: =MAX(0.12,ROUND(H9,2)) -> 0.15 | L9: 0.3 | M9: 0.6 | N9: =+F9*J9*J9*J9/12 -> 0.0018140625 | O9: =+IF(4*J9>=M9-J9,M9-J9,4*J9)*2+L9 -> 1.2 | P9: =+M9-(0.5*(((O9-L9)*J9*J9)+L9*M9*M9)/((O9-L9)*J9+L9*M9)) -> 0.39642857 | Q9: =+(O9-L9)*J9*J9*J9/12+L9*M9*M9*M9/12+(O9-L9)*J9*POWER(M9-J9*0.5-P9,2)+L9*M9*POWER(P9-0.5*M9,2) -> 0.0095584821 | R9: =+Q9/N9 -> 5.269103 | S9: =+F9*J9*J9*J9*0.5/12 -> 0.00090703125 | T9: =+IF(4*J9>=M9-J9,M9-J9,4*J9)+L9 -> 0.75 | U9: =+M9-(0.5*(((T9-L9)*J9*J9)+L9*M9*M9)/((T9-L9)*J9+L9*M9)) -> 0.36136364 | V9: =+(T9-L9)*J9*J9*J9/12+L9*M9*M9*M9/12+(T9-L9)*J9*POWER(M9-J9*0.5-U9,2)+L9*M9*POWER(U9-0.5*M9,2) -> 0.0080117898 | W9: =+V9/S9 -> 8.832981 | X9: 2 | Y9: 2 | Z9: =+(X9*R9+Y9*W9)/4 -> 7.051042 | AA9: =+(F9*(0.8+($D$6/14000)))/(36+5*((IF(Z9>2,2,Z9))-0.2)*G9) -> 0.15176471
A10: 2 | B10: 4.9 | C10: 4.45 | D10: =IF((MAX(B10:C10)/MIN(B10:C10))>2,"1D","2D") -> 2D | E10: =IF(D10="2D","N.A.",10) -> N.A. | F10: =IF(D10="1D",MIN(B10:C10),MAX(B10:C10)) -> 4.9 | G10: =MAX(B10:C10)/MIN(B10:C10) -> 1.1011236 | H10: =IF(D10="2d",(F10*(0.8+($D$6/14000)))/(36+9*G10),F10/E10) -> 0.11740333 | I10: Usar h = | J10: =MAX(0.12,ROUND(H10,2)) -> 0.12 | L10: 0.3 | M10: 0.6 | N10: =+F10*J10*J10*J10/12 -> 0.0007056 | O10: =+IF(4*J10>=M10-J10,M10-J10,4*J10)*2+L10 -> 1.26 | P10: =+M10-(0.5*(((O10-L10)*J10*J10)+L10*M10*M10)/((O10-L10)*J10+L10*M10)) -> 0.39365854 | Q10: =+(O10-L10)*J10*J10*J10/12+L10*M10*M10*M10/12+(O10-L10)*J10*POWER(M10-J10*0.5-P10,2)+L10*M10*POWER(P10-0.5*M10,2) -> 0.0095842888 | R10: =+Q10/N10 -> 13.583176 | S10: =+F10*J10*J10*J10*0.5/12 -> 0.0003528 | T10: =+IF(4*J10>=M10-J10,M10-J10,4*J10)+L10 -> 0.78 | U10: =+M10-(0.5*(((T10-L10)*J10*J10)+L10*M10*M10)/((T10-L10)*J10+L10*M10)) -> 0.35818182 | V10: =+(T10-L10)*J10*J10*J10/12+L10*M10*M10*M10/12+(T10-L10)*J10*POWER(M10-J10*0.5-U10,2)+L10*M10*POWER(U10-0.5*M10,2) -> 0.0079825745 | W10: =+V10/S10 -> 22.626345 | X10: 2 | Y10: 2 | Z10: =+(X10*R10+Y10*W10)/4 -> 18.10476 | AA10: =+(F10*(0.8+($D$6/14000)))/(36+5*((IF(Z10>2,2,Z10))-0.2)*G10) -> 0.11740333
A11: 3 | B11: 4.9 | C11: 4.4 | D11: =IF((MAX(B11:C11)/MIN(B11:C11))>2,"1D","2D") -> 2D | E11: =IF(D11="2D","N.A.",10) -> N.A. | F11: =IF(D11="1D",MIN(B11:C11),MAX(B11:C11)) -> 4.9 | G11: =MAX(B11:C11)/MIN(B11:C11) -> 1.1136364 | H11: =IF(D11="2d",(F11*(0.8+($D$6/14000)))/(36+9*G11),F11/E11) -> 0.11711605 | I11: Usar h = | J11: =MAX(0.12,ROUND(H11,2)) -> 0.12 | L11: 0.3 | M11: 0.6 | N11: =+F11*J11*J11*J11/12 -> 0.0007056 | O11: =+IF(4*J11>=M11-J11,M11-J11,4*J11)*2+L11 -> 1.26 | P11: =+M11-(0.5*(((O11-L11)*J11*J11)+L11*M11*M11)/((O11-L11)*J11+L11*M11)) -> 0.39365854 | Q11: =+(O11-L11)*J11*J11*J11/12+L11*M11*M11*M11/12+(O11-L11)*J11*POWER(M11-J11*0.5-P11,2)+L11*M11*POWER(P11-0.5*M11,2) -> 0.0095842888 | R11: =+Q11/N11 -> 13.583176 | S11: =+F11*J11*J11*J11*0.5/12 -> 0.0003528 | T11: =+IF(4*J11>=M11-J11,M11-J11,4*J11)+L11 -> 0.78 | U11: =+M11-(0.5*(((T11-L11)*J11*J11)+L11*M11*M11)/((T11-L11)*J11+L11*M11)) -> 0.35818182 | V11: =+(T11-L11)*J11*J11*J11/12+L11*M11*M11*M11/12+(T11-L11)*J11*POWER(M11-J11*0.5-U11,2)+L11*M11*POWER(U11-0.5*M11,2) -> 0.0079825745 | W11: =+V11/S11 -> 22.626345 | X11: 2 | Y11: 2 | Z11: =+(X11*R11+Y11*W11)/4 -> 18.10476 | AA11: =+(F11*(0.8+($D$6/14000)))/(36+5*((IF(Z11>2,2,Z11))-0.2)*G11) -> 0.11711605
A12: 4 | B12: 3.8 | C12: 1.5 | D12: =IF((MAX(B12:C12)/MIN(B12:C12))>2,"1D","2D") -> 1D | E12: 28 | F12: =IF(D12="1D",MIN(B12:C12),MAX(B12:C12)) -> 1.5 | G12: =MAX(B12:C12)/MIN(B12:C12) -> 2.5333333 | H12: =IF(D12="2d",(F12*(0.8+($D$6/14000)))/(36+9*G12),F12/E12) -> 0.053571429 | I12: Usar h = | J12: =MAX(0.12,ROUND(H12,2)) -> 0.12 | L12: 0.3 | M12: 0.6 | N12: =+F12*J12*J12*J12/12 -> 0.000216 | O12: =+IF(4*J12>=M12-J12,M12-J12,4*J12)*2+L12 -> 1.26 | P12: =+M12-(0.5*(((O12-L12)*J12*J12)+L12*M12*M12)/((O12-L12)*J12+L12*M12)) -> 0.39365854 | Q12: =+(O12-L12)*J12*J12*J12/12+L12*M12*M12*M12/12+(O12-L12)*J12*POWER(M12-J12*0.5-P12,2)+L12*M12*POWER(P12-0.5*M12,2) -> 0.0095842888 | R12: =+Q12/N12 -> 44.371707 | S12: =+F12*J12*J12*J12*0.5/12 -> 0.000108 | T12: =+IF(4*J12>=M12-J12,M12-J12,4*J12)+L12 -> 0.78 | U12: =+M12-(0.5*(((T12-L12)*J12*J12)+L12*M12*M12)/((T12-L12)*J12+L12*M12)) -> 0.35818182 | V12: =+(T12-L12)*J12*J12*J12/12+L12*M12*M12*M12/12+(T12-L12)*J12*POWER(M12-J12*0.5-U12,2)+L12*M12*POWER(U12-0.5*M12,2) -> 0.0079825745 | W12: =+V12/S12 -> 73.912727 | X12: 2 | Y12: 2 | Z12: =+(X12*R12+Y12*W12)/4 -> 59.142217 | AA12: =+(F12*(0.8+($D$6/14000)))/(36+5*((IF(Z12>2,2,Z12))-0.2)*G12) -> 0.028061224
A13: 5 | B13: 1.2 | C13: 4.65 | D13: =IF((MAX(B13:C13)/MIN(B13:C13))>2,"1D","2D") -> 1D | E13: 28 | F13: =IF(D13="1D",MIN(B13:C13),MAX(B13:C13)) -> 1.2 | G13: =MAX(B13:C13)/MIN(B13:C13) -> 3.875 | H13: =IF(D13="2d",(F13*(0.8+($D$6/14000)))/(36+9*G13),F13/E13) -> 0.042857143 | I13: Usar h = | J13: =MAX(0.12,ROUND(H13,2)) -> 0.12 | L13: 0.3 | M13: 0.6 | N13: =+F13*J13*J13*J13/12 -> 0.0001728 | O13: =+IF(4*J13>=M13-J13,M13-J13,4*J13)*2+L13 -> 1.26 | P13: =+M13-(0.5*(((O13-L13)*J13*J13)+L13*M13*M13)/((O13-L13)*J13+L13*M13)) -> 0.39365854 | Q13: =+(O13-L13)*J13*J13*J13/12+L13*M13*M13*M13/12+(O13-L13)*J13*POWER(M13-J13*0.5-P13,2)+L13*M13*POWER(P13-0.5*M13,2) -> 0.0095842888 | R13: =+Q13/N13 -> 55.464634 | S13: =+F13*J13*J13*J13*0.5/12 -> 8.64e-05 | T13: =+IF(4*J13>=M13-J13,M13-J13,4*J13)+L13 -> 0.78 | U13: =+M13-(0.5*(((T13-L13)*J13*J13)+L13*M13*M13)/((T13-L13)*J13+L13*M13)) -> 0.35818182 | V13: =+(T13-L13)*J13*J13*J13/12+L13*M13*M13*M13/12+(T13-L13)*J13*POWER(M13-J13*0.5-U13,2)+L13*M13*POWER(U13-0.5*M13,2) -> 0.0079825745 | W13: =+V13/S13 -> 92.390909 | X13: 2 | Y13: 2 | Z13: =+(X13*R13+Y13*W13)/4 -> 73.927772 | AA13: =+(F13*(0.8+($D$6/14000)))/(36+5*((IF(Z13>2,2,Z13))-0.2)*G13) -> 0.018624339
A14: 6 | B14: 7.95 | C14: 7 | D14: =IF((MAX(B14:C14)/MIN(B14:C14))>2,"1D","2D") -> 2D | E14: =IF(D14="2D","N.A.",10) -> N.A. | F14: =IF(D14="1D",MIN(B14:C14),MAX(B14:C14)) -> 7.95 | G14: =MAX(B14:C14)/MIN(B14:C14) -> 1.1357143 | H14: =IF(D14="2d",(F14*(0.8+($D$6/14000)))/(36+9*G14),F14/E14) -> 0.18919796 | I14: Usar h = | J14: 0.2 | L14: 0.3 | M14: 0.6 | N14: =+F14*J14*J14*J14/12 -> 0.0053 | O14: =+IF(4*J14>=M14-J14,M14-J14,4*J14)*2+L14 -> 1.1 | P14: =+M14-(0.5*(((O14-L14)*J14*J14)+L14*M14*M14)/((O14-L14)*J14+L14*M14)) -> 0.39411765 | Q14: =+(O14-L14)*J14*J14*J14/12+L14*M14*M14*M14/12+(O14-L14)*J14*POWER(M14-J14*0.5-P14,2)+L14*M14*POWER(P14-0.5*M14,2) -> 0.0093215686 | R14: =+Q14/N14 -> 1.7587865 | S14: =+F14*J14*J14*J14*0.5/12 -> 0.00265 | T14: =+IF(4*J14>=M14-J14,M14-J14,4*J14)+L14 -> 0.7 | U14: =+M14-(0.5*(((T14-L14)*J14*J14)+L14*M14*M14)/((T14-L14)*J14+L14*M14)) -> 0.36153846 | V14: =+(T14-L14)*J14*J14*J14/12+L14*M14*M14*M14/12+(T14-L14)*J14*POWER(M14-J14*0.5-U14,2)+L14*M14*POWER(U14-0.5*M14,2) -> 0.0078820513 | W14: =+V14/S14 -> 2.974359 | X14: 2 | Y14: 2 | Z14: =+(X14*R14+Y14*W14)/4 -> 2.3665728 | AA14: =+(F14*(0.8+($D$6/14000)))/(36+5*((IF(Z14>2,2,Z14))-0.2)*G14) -> 0.18919796
A15: 7 | B15: 5.55 | C15: 7 | D15: =IF((MAX(B15:C15)/MIN(B15:C15))>2,"1D","2D") -> 2D | E15: =IF(D15="2D","N.A.",10) -> N.A. | F15: =IF(D15="1D",MIN(B15:C15),MAX(B15:C15)) -> 7 | G15: =MAX(B15:C15)/MIN(B15:C15) -> 1.2612613 | H15: =IF(D15="2d",(F15*(0.8+($D$6/14000)))/(36+9*G15),F15/E15) -> 0.16261416 | I15: Usar h = | J15: =MAX(0.12,ROUND(H15,2)) -> 0.16 | L15: 0.3 | M15: 0.6 | N15: =+F15*J15*J15*J15/12 -> 0.0023893333 | O15: =+IF(4*J15>=M15-J15,M15-J15,4*J15)*2+L15 -> 1.18 | P15: =+M15-(0.5*(((O15-L15)*J15*J15)+L15*M15*M15)/((O15-L15)*J15+L15*M15)) -> 0.3965586 | Q15: =+(O15-L15)*J15*J15*J15/12+L15*M15*M15*M15/12+(O15-L15)*J15*POWER(M15-J15*0.5-P15,2)+L15*M15*POWER(P15-0.5*M15,2) -> 0.009524094 | R15: =+Q15/N15 -> 3.9860885 | S15: =+F15*J15*J15*J15*0.5/12 -> 0.0011946667 | T15: =+IF(4*J15>=M15-J15,M15-J15,4*J15)+L15 -> 0.74 | U15: =+M15-(0.5*(((T15-L15)*J15*J15)+L15*M15*M15)/((T15-L15)*J15+L15*M15)) -> 0.36185304 | V15: =+(T15-L15)*J15*J15*J15/12+L15*M15*M15*M15/12+(T15-L15)*J15*POWER(M15-J15*0.5-U15,2)+L15*M15*POWER(U15-0.5*M15,2) -> 0.0079995669 | W15: =+V15/S15 -> 6.696066 | X15: 2 | Y15: 2 | Z15: =+(X15*R15+Y15*W15)/4 -> 5.3410772 | AA15: =+(F15*(0.8+($D$6/14000)))/(36+5*((IF(Z15>2,2,Z15))-0.2)*G15) -> 0.16261416
A16: 8 | B16: 1.7 | C16: 2 | D16: =IF((MAX(B16:C16)/MIN(B16:C16))>2,"1D","2D") -> 2D | E16: =IF(D16="2D","N.A.",10) -> N.A. | F16: =IF(D16="1D",MIN(B16:C16),MAX(B16:C16)) -> 2 | G16: =MAX(B16:C16)/MIN(B16:C16) -> 1.1764706 | H16: =IF(D16="2d",(F16*(0.8+($D$6/14000)))/(36+9*G16),F16/E16) -> 0.047222222 | I16: Usar h = | J16: =MAX(0.12,ROUND(H16,2)) -> 0.12 | L16: 0.3 | M16: 0.6 | N16: =+F16*J16*J16*J16/12 -> 0.000288 | O16: =+IF(4*J16>=M16-J16,M16-J16,4*J16)*2+L16 -> 1.26 | P16: =+M16-(0.5*(((O16-L16)*J16*J16)+L16*M16*M16)/((O16-L16)*J16+L16*M16)) -> 0.39365854 | Q16: =+(O16-L16)*J16*J16*J16/12+L16*M16*M16*M16/12+(O16-L16)*J16*POWER(M16-J16*0.5-P16,2)+L16*M16*POWER(P16-0.5*M16,2) -> 0.0095842888 | R16: =+Q16/N16 -> 33.27878 | S16: =+F16*J16*J16*J16*0.5/12 -> 0.000144 | T16: =+IF(4*J16>=M16-J16,M16-J16,4*J16)+L16 -> 0.78 | U16: =+M16-(0.5*(((T16-L16)*J16*J16)+L16*M16*M16)/((T16-L16)*J16+L16*M16)) -> 0.35818182 | V16: =+(T16-L16)*J16*J16*J16/12+L16*M16*M16*M16/12+(T16-L16)*J16*POWER(M16-J16*0.5-U16,2)+L16*M16*POWER(U16-0.5*M16,2) -> 0.0079825745 | W16: =+V16/S16 -> 55.434545 | X16: 2 | Y16: 2 | Z16: =+(X16*R16+Y16*W16)/4 -> 44.356663 | AA16: =+(F16*(0.8+($D$6/14000)))/(36+5*((IF(Z16>2,2,Z16))-0.2)*G16) -> 0.047222222
A17: 9 | B17: 2.5 | C17: 2 | D17: =IF((MAX(B17:C17)/MIN(B17:C17))>2,"1D","2D") -> 2D | E17: =IF(D17="2D","N.A.",10) -> N.A. | F17: =IF(D17="1D",MIN(B17:C17),MAX(B17:C17)) -> 2.5 | G17: =MAX(B17:C17)/MIN(B17:C17) -> 1.25 | H17: =IF(D17="2d",(F17*(0.8+($D$6/14000)))/(36+9*G17),F17/E17) -> 0.058201058 | I17: Usar h = | J17: =MAX(0.12,ROUND(H17,2)) -> 0.12 | L17: 0.3 | M17: 0.6 | N17: =+F17*J17*J17*J17/12 -> 0.00036 | O17: =+IF(4*J17>=M17-J17,M17-J17,4*J17)*2+L17 -> 1.26 | P17: =+M17-(0.5*(((O17-L17)*J17*J17)+L17*M17*M17)/((O17-L17)*J17+L17*M17)) -> 0.39365854 | Q17: =+(O17-L17)*J17*J17*J17/12+L17*M17*M17*M17/12+(O17-L17)*J17*POWER(M17-J17*0.5-P17,2)+L17*M17*POWER(P17-0.5*M17,2) -> 0.0095842888 | R17: =+Q17/N17 -> 26.623024 | S17: =+F17*J17*J17*J17*0.5/12 -> 0.00018 | T17: =+IF(4*J17>=M17-J17,M17-J17,4*J17)+L17 -> 0.78 | U17: =+M17-(0.5*(((T17-L17)*J17*J17)+L17*M17*M17)/((T17-L17)*J17+L17*M17)) -> 0.35818182 | V17: =+(T17-L17)*J17*J17*J17/12+L17*M17*M17*M17/12+(T17-L17)*J17*POWER(M17-J17*0.5-U17,2)+L17*M17*POWER(U17-0.5*M17,2) -> 0.0079825745 | W17: =+V17/S17 -> 44.347636 | X17: 2 | Y17: 2 | Z17: =+(X17*R17+Y17*W17)/4 -> 35.48533 | AA17: =+(F17*(0.8+($D$6/14000)))/(36+5*((IF(Z17>2,2,Z17))-0.2)*G17) -> 0.058201058
A18: 10 | B18: 3.6 | C18: 1.7 | D18: =IF((MAX(B18:C18)/MIN(B18:C18))>2,"1D","2D") -> 1D | E18: 28 | F18: =IF(D18="1D",MIN(B18:C18),MAX(B18:C18)) -> 1.7 | G18: =MAX(B18:C18)/MIN(B18:C18) -> 2.1176471 | H18: =IF(D18="2d",(F18*(0.8+($D$6/14000)))/(36+9*G18),F18/E18) -> 0.060714286 | I18: Usar h = | J18: 0.12 | L18: 0.3 | M18: 0.6 | N18: =+F18*J18*J18*J18/12 -> 0.0002448 | O18: =+IF(4*J18>=M18-J18,M18-J18,4*J18)*2+L18 -> 1.26 | P18: =+M18-(0.5*(((O18-L18)*J18*J18)+L18*M18*M18)/((O18-L18)*J18+L18*M18)) -> 0.39365854 | Q18: =+(O18-L18)*J18*J18*J18/12+L18*M18*M18*M18/12+(O18-L18)*J18*POWER(M18-J18*0.5-P18,2)+L18*M18*POWER(P18-0.5*M18,2) -> 0.0095842888 | R18: =+Q18/N18 -> 39.151506 | S18: =+F18*J18*J18*J18*0.5/12 -> 0.0001224 | T18: =+IF(4*J18>=M18-J18,M18-J18,4*J18)+L18 -> 0.78 | U18: =+M18-(0.5*(((T18-L18)*J18*J18)+L18*M18*M18)/((T18-L18)*J18+L18*M18)) -> 0.35818182 | V18: =+(T18-L18)*J18*J18*J18/12+L18*M18*M18*M18/12+(T18-L18)*J18*POWER(M18-J18*0.5-U18,2)+L18*M18*POWER(U18-0.5*M18,2) -> 0.0079825745 | W18: =+V18/S18 -> 65.217112 | X18: 2 | Y18: 2 | Z18: =+(X18*R18+Y18*W18)/4 -> 52.184309 | AA18: =+(F18*(0.8+($D$6/14000)))/(36+5*((IF(Z18>2,2,Z18))-0.2)*G18) -> 0.033963675
A19: 11 | B19: 1.2 | C19: 4.6 | D19: =IF((MAX(B19:C19)/MIN(B19:C19))>2,"1D","2D") -> 1D | E19: 28 | F19: =IF(D19="1D",MIN(B19:C19),MAX(B19:C19)) -> 1.2 | G19: =MAX(B19:C19)/MIN(B19:C19) -> 3.8333333 | H19: =IF(D19="2d",(F19*(0.8+($D$6/14000)))/(36+9*G19),F19/E19) -> 0.042857143 | I19: Usar h = | J19: =MAX(0.12,ROUND(H19,2)) -> 0.12 | L19: 0.3 | M19: 0.6 | N19: =+F19*J19*J19*J19/12 -> 0.0001728 | O19: =+IF(4*J19>=M19-J19,M19-J19,4*J19)*2+L19 -> 1.26 | P19: =+M19-(0.5*(((O19-L19)*J19*J19)+L19*M19*M19)/((O19-L19)*J19+L19*M19)) -> 0.39365854 | Q19: =+(O19-L19)*J19*J19*J19/12+L19*M19*M19*M19/12+(O19-L19)*J19*POWER(M19-J19*0.5-P19,2)+L19*M19*POWER(P19-0.5*M19,2) -> 0.0095842888 | R19: =+Q19/N19 -> 55.464634 | S19: =+F19*J19*J19*J19*0.5/12 -> 8.64e-05 | T19: =+IF(4*J19>=M19-J19,M19-J19,4*J19)+L19 -> 0.78 | U19: =+M19-(0.5*(((T19-L19)*J19*J19)+L19*M19*M19)/((T19-L19)*J19+L19*M19)) -> 0.35818182 | V19: =+(T19-L19)*J19*J19*J19/12+L19*M19*M19*M19/12+(T19-L19)*J19*POWER(M19-J19*0.5-U19,2)+L19*M19*POWER(U19-0.5*M19,2) -> 0.0079825745 | W19: =+V19/S19 -> 92.390909 | X19: 2 | Y19: 2 | Z19: =+(X19*R19+Y19*W19)/4 -> 73.927772 | AA19: =+(F19*(0.8+($D$6/14000)))/(36+5*((IF(Z19>2,2,Z19))-0.2)*G19) -> 0.018723404
A20: 12 | B20: 4.7 | C20: 4.45 | D20: =IF((MAX(B20:C20)/MIN(B20:C20))>2,"1D","2D") -> 2D | E20: =IF(D20="2D","N.A.",10) -> N.A. | F20: =IF(D20="1D",MIN(B20:C20),MAX(B20:C20)) -> 4.7 | G20: =MAX(B20:C20)/MIN(B20:C20) -> 1.0561798 | H20: =IF(D20="2d",(F20*(0.8+($D$6/14000)))/(36+9*G20),F20/E20) -> 0.11361235 | I20: Usar h = | J20: =MAX(0.12,ROUND(H20,2)) -> 0.12 | L20: 0.3 | M20: 0.6 | N20: =+F20*J20*J20*J20/12 -> 0.0006768 | O20: =+IF(4*J20>=M20-J20,M20-J20,4*J20)*2+L20 -> 1.26 | P20: =+M20-(0.5*(((O20-L20)*J20*J20)+L20*M20*M20)/((O20-L20)*J20+L20*M20)) -> 0.39365854 | Q20: =+(O20-L20)*J20*J20*J20/12+L20*M20*M20*M20/12+(O20-L20)*J20*POWER(M20-J20*0.5-P20,2)+L20*M20*POWER(P20-0.5*M20,2) -> 0.0095842888 | R20: =+Q20/N20 -> 14.161183 | S20: =+F20*J20*J20*J20*0.5/12 -> 0.0003384 | T20: =+IF(4*J20>=M20-J20,M20-J20,4*J20)+L20 -> 0.78 | U20: =+M20-(0.5*(((T20-L20)*J20*J20)+L20*M20*M20)/((T20-L20)*J20+L20*M20)) -> 0.35818182 | V20: =+(T20-L20)*J20*J20*J20/12+L20*M20*M20*M20/12+(T20-L20)*J20*POWER(M20-J20*0.5-U20,2)+L20*M20*POWER(U20-0.5*M20,2) -> 0.0079825745 | W20: =+V20/S20 -> 23.589168 | X20: 2 | Y20: 2 | Z20: =+(X20*R20+Y20*W20)/4 -> 18.875176 | AA20: =+(F20*(0.8+($D$6/14000)))/(36+5*((IF(Z20>2,2,Z20))-0.2)*G20) -> 0.11361235
A21: 13 | B21: 4.2 | C21: 5 | D21: =IF((MAX(B21:C21)/MIN(B21:C21))>2,"1D","2D") -> 2D | E21: =IF(D21="2D","N.A.",10) -> N.A. | F21: =IF(D21="1D",MIN(B21:C21),MAX(B21:C21)) -> 5 | G21: =MAX(B21:C21)/MIN(B21:C21) -> 1.1904762 | H21: =IF(D21="2d",(F21*(0.8+($D$6/14000)))/(36+9*G21),F21/E21) -> 0.117737 | I21: Usar h = | J21: =MAX(0.12,ROUND(H21,2)) -> 0.12 | L21: 0.3 | M21: 0.6 | N21: =+F21*J21*J21*J21/12 -> 0.00072 | O21: =+IF(4*J21>=M21-J21,M21-J21,4*J21)*2+L21 -> 1.26 | P21: =+M21-(0.5*(((O21-L21)*J21*J21)+L21*M21*M21)/((O21-L21)*J21+L21*M21)) -> 0.39365854 | Q21: =+(O21-L21)*J21*J21*J21/12+L21*M21*M21*M21/12+(O21-L21)*J21*POWER(M21-J21*0.5-P21,2)+L21*M21*POWER(P21-0.5*M21,2) -> 0.0095842888 | R21: =+Q21/N21 -> 13.311512 | S21: =+F21*J21*J21*J21*0.5/12 -> 0.00036 | T21: =+IF(4*J21>=M21-J21,M21-J21,4*J21)+L21 -> 0.78 | U21: =+M21-(0.5*(((T21-L21)*J21*J21)+L21*M21*M21)/((T21-L21)*J21+L21*M21)) -> 0.35818182 | V21: =+(T21-L21)*J21*J21*J21/12+L21*M21*M21*M21/12+(T21-L21)*J21*POWER(M21-J21*0.5-U21,2)+L21*M21*POWER(U21-0.5*M21,2) -> 0.0079825745 | W21: =+V21/S21 -> 22.173818 | X21: 2 | Y21: 2 | Z21: =+(X21*R21+Y21*W21)/4 -> 17.742665 | AA21: =+(F21*(0.8+($D$6/14000)))/(36+5*((IF(Z21>2,2,Z21))-0.2)*G21) -> 0.117737
A22: 14 | B22: 4.7 | C22: 4.3 | D22: =IF((MAX(B22:C22)/MIN(B22:C22))>2,"1D","2D") -> 2D | E22: =IF(D22="2D","N.A.",10) -> N.A. | F22: =IF(D22="1D",MIN(B22:C22),MAX(B22:C22)) -> 4.7 | G22: =MAX(B22:C22)/MIN(B22:C22) -> 1.0930233 | H22: =IF(D22="2d",(F22*(0.8+($D$6/14000)))/(36+9*G22),F22/E22) -> 0.11279046 | I22: Usar h = | J22: =MAX(0.12,ROUND(H22,2)) -> 0.12 | L22: 0.3 | M22: 0.6 | N22: =+F22*J22*J22*J22/12 -> 0.0006768 | O22: =+IF(4*J22>=M22-J22,M22-J22,4*J22)*2+L22 -> 1.26 | P22: =+M22-(0.5*(((O22-L22)*J22*J22)+L22*M22*M22)/((O22-L22)*J22+L22*M22)) -> 0.39365854 | Q22: =+(O22-L22)*J22*J22*J22/12+L22*M22*M22*M22/12+(O22-L22)*J22*POWER(M22-J22*0.5-P22,2)+L22*M22*POWER(P22-0.5*M22,2) -> 0.0095842888 | R22: =+Q22/N22 -> 14.161183 | S22: =+F22*J22*J22*J22*0.5/12 -> 0.0003384 | T22: =+IF(4*J22>=M22-J22,M22-J22,4*J22)+L22 -> 0.78 | U22: =+M22-(0.5*(((T22-L22)*J22*J22)+L22*M22*M22)/((T22-L22)*J22+L22*M22)) -> 0.35818182 | V22: =+(T22-L22)*J22*J22*J22/12+L22*M22*M22*M22/12+(T22-L22)*J22*POWER(M22-J22*0.5-U22,2)+L22*M22*POWER(U22-0.5*M22,2) -> 0.0079825745 | W22: =+V22/S22 -> 23.589168 | X22: 2 | Y22: 2 | Z22: =+(X22*R22+Y22*W22)/4 -> 18.875176 | AA22: =+(F22*(0.8+($D$6/14000)))/(36+5*((IF(Z22>2,2,Z22))-0.2)*G22) -> 0.11279046
A23: 15 | B23: 1.2 | C23: 6 | D23: =IF((MAX(B23:C23)/MIN(B23:C23))>2,"1D","2D") -> 1D | E23: 28 | F23: =IF(D23="1D",MIN(B23:C23),MAX(B23:C23)) -> 1.2 | G23: =MAX(B23:C23)/MIN(B23:C23) -> 5 | H23: =IF(D23="2d",(F23*(0.8+($D$6/14000)))/(36+9*G23),F23/E23) -> 0.042857143 | I23: Usar h = | J23: =MAX(0.12,ROUND(H23,2)) -> 0.12 | L23: 0.3 | M23: 0.6 | N23: =+F23*J23*J23*J23/12 -> 0.0001728 | O23: =+IF(4*J23>=M23-J23,M23-J23,4*J23)*2+L23 -> 1.26 | P23: =+M23-(0.5*(((O23-L23)*J23*J23)+L23*M23*M23)/((O23-L23)*J23+L23*M23)) -> 0.39365854 | Q23: =+(O23-L23)*J23*J23*J23/12+L23*M23*M23*M23/12+(O23-L23)*J23*POWER(M23-J23*0.5-P23,2)+L23*M23*POWER(P23-0.5*M23,2) -> 0.0095842888 | R23: =+Q23/N23 -> 55.464634 | S23: =+F23*J23*J23*J23*0.5/12 -> 8.64e-05 | T23: =+IF(4*J23>=M23-J23,M23-J23,4*J23)+L23 -> 0.78 | U23: =+M23-(0.5*(((T23-L23)*J23*J23)+L23*M23*M23)/((T23-L23)*J23+L23*M23)) -> 0.35818182 | V23: =+(T23-L23)*J23*J23*J23/12+L23*M23*M23*M23/12+(T23-L23)*J23*POWER(M23-J23*0.5-U23,2)+L23*M23*POWER(U23-0.5*M23,2) -> 0.0079825745 | W23: =+V23/S23 -> 92.390909 | X23: 2 | Y23: 2 | Z23: =+(X23*R23+Y23*W23)/4 -> 73.927772 | AA23: =+(F23*(0.8+($D$6/14000)))/(36+5*((IF(Z23>2,2,Z23))-0.2)*G23) -> 0.016296296
A24: 16 | B24: 4.7 | C24: 4.8 | D24: =IF((MAX(B24:C24)/MIN(B24:C24))>2,"1D","2D") -> 2D | E24: =IF(D24="2D","N.A.",10) -> N.A. | F24: =IF(D24="1D",MIN(B24:C24),MAX(B24:C24)) -> 4.8 | G24: =MAX(B24:C24)/MIN(B24:C24) -> 1.0212766 | H24: =IF(D24="2d",(F24*(0.8+($D$6/14000)))/(36+9*G24),F24/E24) -> 0.11683616 | I24: Usar h = | J24: =MAX(0.12,ROUND(H24,2)) -> 0.12 | L24: 0.3 | M24: 0.6 | N24: =+F24*J24*J24*J24/12 -> 0.0006912 | O24: =+IF(4*J24>=M24-J24,M24-J24,4*J24)*2+L24 -> 1.26 | P24: =+M24-(0.5*(((O24-L24)*J24*J24)+L24*M24*M24)/((O24-L24)*J24+L24*M24)) -> 0.39365854 | Q24: =+(O24-L24)*J24*J24*J24/12+L24*M24*M24*M24/12+(O24-L24)*J24*POWER(M24-J24*0.5-P24,2)+L24*M24*POWER(P24-0.5*M24,2) -> 0.0095842888 | R24: =+Q24/N24 -> 13.866159 | S24: =+F24*J24*J24*J24*0.5/12 -> 0.0003456 | T24: =+IF(4*J24>=M24-J24,M24-J24,4*J24)+L24 -> 0.78 | U24: =+M24-(0.5*(((T24-L24)*J24*J24)+L24*M24*M24)/((T24-L24)*J24+L24*M24)) -> 0.35818182 | V24: =+(T24-L24)*J24*J24*J24/12+L24*M24*M24*M24/12+(T24-L24)*J24*POWER(M24-J24*0.5-U24,2)+L24*M24*POWER(U24-0.5*M24,2) -> 0.0079825745 | W24: =+V24/S24 -> 23.097727 | X24: 2 | Y24: 2 | Z24: =+(X24*R24+Y24*W24)/4 -> 18.481943 | AA24: =+(F24*(0.8+($D$6/14000)))/(36+5*((IF(Z24>2,2,Z24))-0.2)*G24) -> 0.11683616
A25: 17 | B25: 3.4 | C25: 2.5 | D25: =IF((MAX(B25:C25)/MIN(B25:C25))>2,"1D","2D") -> 2D | E25: =IF(D25="2D","N.A.",10) -> N.A. | F25: =IF(D25="1D",MIN(B25:C25),MAX(B25:C25)) -> 3.4 | G25: =MAX(B25:C25)/MIN(B25:C25) -> 1.36 | H25: =IF(D25="2d",(F25*(0.8+($D$6/14000)))/(36+9*G25),F25/E25) -> 0.077529022 | I25: Usar h = | J25: =MAX(0.12,ROUND(H25,2)) -> 0.12 | L25: 0.3 | M25: 0.6 | N25: =+F25*J25*J25*J25/12 -> 0.0004896 | O25: =+IF(4*J25>=M25-J25,M25-J25,4*J25)*2+L25 -> 1.26 | P25: =+M25-(0.5*(((O25-L25)*J25*J25)+L25*M25*M25)/((O25-L25)*J25+L25*M25)) -> 0.39365854 | Q25: =+(O25-L25)*J25*J25*J25/12+L25*M25*M25*M25/12+(O25-L25)*J25*POWER(M25-J25*0.5-P25,2)+L25*M25*POWER(P25-0.5*M25,2) -> 0.0095842888 | R25: =+Q25/N25 -> 19.575753 | S25: =+F25*J25*J25*J25*0.5/12 -> 0.0002448 | T25: =+IF(4*J25>=M25-J25,M25-J25,4*J25)+L25 -> 0.78 | U25: =+M25-(0.5*(((T25-L25)*J25*J25)+L25*M25*M25)/((T25-L25)*J25+L25*M25)) -> 0.35818182 | V25: =+(T25-L25)*J25*J25*J25/12+L25*M25*M25*M25/12+(T25-L25)*J25*POWER(M25-J25*0.5-U25,2)+L25*M25*POWER(U25-0.5*M25,2) -> 0.0079825745 | W25: =+V25/S25 -> 32.608556 | X25: 2 | Y25: 2 | Z25: =+(X25*R25+Y25*W25)/4 -> 26.092155 | AA25: =+(F25*(0.8+($D$6/14000)))/(36+5*((IF(Z25>2,2,Z25))-0.2)*G25) -> 0.077529022
A26: 18 | B26: 1.7 | C26: 2.5 | D26: =IF((MAX(B26:C26)/MIN(B26:C26))>2,"1D","2D") -> 2D | E26: =IF(D26="2D","N.A.",10) -> N.A. | F26: =IF(D26="1D",MIN(B26:C26),MAX(B26:C26)) -> 2.5 | G26: =MAX(B26:C26)/MIN(B26:C26) -> 1.4705882 | H26: =IF(D26="2d",(F26*(0.8+($D$6/14000)))/(36+9*G26),F26/E26) -> 0.055854241 | I26: Usar h = | J26: =MAX(0.12,ROUND(H26,2)) -> 0.12 | L26: 0.3 | M26: 0.6 | N26: =+F26*J26*J26*J26/12 -> 0.00036 | O26: =+IF(4*J26>=M26-J26,M26-J26,4*J26)*2+L26 -> 1.26 | P26: =+M26-(0.5*(((O26-L26)*J26*J26)+L26*M26*M26)/((O26-L26)*J26+L26*M26)) -> 0.39365854 | Q26: =+(O26-L26)*J26*J26*J26/12+L26*M26*M26*M26/12+(O26-L26)*J26*POWER(M26-J26*0.5-P26,2)+L26*M26*POWER(P26-0.5*M26,2) -> 0.0095842888 | R26: =+Q26/N26 -> 26.623024 | S26: =+F26*J26*J26*J26*0.5/12 -> 0.00018 | T26: =+IF(4*J26>=M26-J26,M26-J26,4*J26)+L26 -> 0.78 | U26: =+M26-(0.5*(((T26-L26)*J26*J26)+L26*M26*M26)/((T26-L26)*J26+L26*M26)) -> 0.35818182 | V26: =+(T26-L26)*J26*J26*J26/12+L26*M26*M26*M26/12+(T26-L26)*J26*POWER(M26-J26*0.5-U26,2)+L26*M26*POWER(U26-0.5*M26,2) -> 0.0079825745 | W26: =+V26/S26 -> 44.347636 | X26: 2 | Y26: 2 | Z26: =+(X26*R26+Y26*W26)/4 -> 35.48533 | AA26: =+(F26*(0.8+($D$6/14000)))/(36+5*((IF(Z26>2,2,Z26))-0.2)*G26) -> 0.055854241
A27: 19 | B27: 4.7 | C27: 4.6 | D27: =IF((MAX(B27:C27)/MIN(B27:C27))>2,"1D","2D") -> 2D | E27: =IF(D27="2D","N.A.",10) -> N.A. | F27: =IF(D27="1D",MIN(B27:C27),MAX(B27:C27)) -> 4.7 | G27: =MAX(B27:C27)/MIN(B27:C27) -> 1.0217391 | H27: =IF(D27="2d",(F27*(0.8+($D$6/14000)))/(36+9*G27),F27/E27) -> 0.11439153 | I27: Usar h = | J27: =MAX(0.12,ROUND(H27,2)) -> 0.12 | L27: 0.3 | M27: 0.6 | N27: =+F27*J27*J27*J27/12 -> 0.0006768 | O27: =+IF(4*J27>=M27-J27,M27-J27,4*J27)*2+L27 -> 1.26 | P27: =+M27-(0.5*(((O27-L27)*J27*J27)+L27*M27*M27)/((O27-L27)*J27+L27*M27)) -> 0.39365854 | Q27: =+(O27-L27)*J27*J27*J27/12+L27*M27*M27*M27/12+(O27-L27)*J27*POWER(M27-J27*0.5-P27,2)+L27*M27*POWER(P27-0.5*M27,2) -> 0.0095842888 | R27: =+Q27/N27 -> 14.161183 | S27: =+F27*J27*J27*J27*0.5/12 -> 0.0003384 | T27: =+IF(4*J27>=M27-J27,M27-J27,4*J27)+L27 -> 0.78 | U27: =+M27-(0.5*(((T27-L27)*J27*J27)+L27*M27*M27)/((T27-L27)*J27+L27*M27)) -> 0.35818182 | V27: =+(T27-L27)*J27*J27*J27/12+L27*M27*M27*M27/12+(T27-L27)*J27*POWER(M27-J27*0.5-U27,2)+L27*M27*POWER(U27-0.5*M27,2) -> 0.0079825745 | W27: =+V27/S27 -> 23.589168 | X27: 2 | Y27: 2 | Z27: =+(X27*R27+Y27*W27)/4 -> 18.875176 | AA27: =+(F27*(0.8+($D$6/14000)))/(36+5*((IF(Z27>2,2,Z27))-0.2)*G27) -> 0.11439153
A28: 20 | B28: 1.5 | C28: 1.8 | D28: =IF((MAX(B28:C28)/MIN(B28:C28))>2,"1D","2D") -> 2D | E28: =IF(D28="2D","N.A.",10) -> N.A. | F28: =IF(D28="1D",MIN(B28:C28),MAX(B28:C28)) -> 1.8 | G28: =MAX(B28:C28)/MIN(B28:C28) -> 1.2 | H28: =IF(D28="2d",(F28*(0.8+($D$6/14000)))/(36+9*G28),F28/E28) -> 0.042307692 | I28: Usar h = | J28: =MAX(0.12,ROUND(H28,2)) -> 0.12 | L28: 0.3 | M28: 0.6 | N28: =+F28*J28*J28*J28/12 -> 0.0002592 | O28: =+IF(4*J28>=M28-J28,M28-J28,4*J28)*2+L28 -> 1.26 | P28: =+M28-(0.5*(((O28-L28)*J28*J28)+L28*M28*M28)/((O28-L28)*J28+L28*M28)) -> 0.39365854 | Q28: =+(O28-L28)*J28*J28*J28/12+L28*M28*M28*M28/12+(O28-L28)*J28*POWER(M28-J28*0.5-P28,2)+L28*M28*POWER(P28-0.5*M28,2) -> 0.0095842888 | R28: =+Q28/N28 -> 36.976423 | S28: =+F28*J28*J28*J28*0.5/12 -> 0.0001296 | T28: =+IF(4*J28>=M28-J28,M28-J28,4*J28)+L28 -> 0.78 | U28: =+M28-(0.5*(((T28-L28)*J28*J28)+L28*M28*M28)/((T28-L28)*J28+L28*M28)) -> 0.35818182 | V28: =+(T28-L28)*J28*J28*J28/12+L28*M28*M28*M28/12+(T28-L28)*J28*POWER(M28-J28*0.5-U28,2)+L28*M28*POWER(U28-0.5*M28,2) -> 0.0079825745 | W28: =+V28/S28 -> 61.593939 | X28: 2 | Y28: 2 | Z28: =+(X28*R28+Y28*W28)/4 -> 49.285181 | AA28: =+(F28*(0.8+($D$6/14000)))/(36+5*((IF(Z28>2,2,Z28))-0.2)*G28) -> 0.042307692
A29: 21 | B29: 3 | C29: 3.1 | D29: =IF((MAX(B29:C29)/MIN(B29:C29))>2,"1D","2D") -> 2D | E29: =IF(D29="2D","N.A.",10) -> N.A. | F29: =IF(D29="1D",MIN(B29:C29),MAX(B29:C29)) -> 3.1 | G29: =MAX(B29:C29)/MIN(B29:C29) -> 1.0333333 | H29: =IF(D29="2d",(F29*(0.8+($D$6/14000)))/(36+9*G29),F29/E29) -> 0.075275938 | I29: Usar h = | J29: =MAX(0.12,ROUND(H29,2)) -> 0.12 | L29: 0.3 | M29: 0.6 | N29: =+F29*J29*J29*J29/12 -> 0.0004464 | O29: =+IF(4*J29>=M29-J29,M29-J29,4*J29)*2+L29 -> 1.26 | P29: =+M29-(0.5*(((O29-L29)*J29*J29)+L29*M29*M29)/((O29-L29)*J29+L29*M29)) -> 0.39365854 | Q29: =+(O29-L29)*J29*J29*J29/12+L29*M29*M29*M29/12+(O29-L29)*J29*POWER(M29-J29*0.5-P29,2)+L29*M29*POWER(P29-0.5*M29,2) -> 0.0095842888 | R29: =+Q29/N29 -> 21.470181 | S29: =+F29*J29*J29*J29*0.5/12 -> 0.0002232 | T29: =+IF(4*J29>=M29-J29,M29-J29,4*J29)+L29 -> 0.78 | U29: =+M29-(0.5*(((T29-L29)*J29*J29)+L29*M29*M29)/((T29-L29)*J29+L29*M29)) -> 0.35818182 | V29: =+(T29-L29)*J29*J29*J29/12+L29*M29*M29*M29/12+(T29-L29)*J29*POWER(M29-J29*0.5-U29,2)+L29*M29*POWER(U29-0.5*M29,2) -> 0.0079825745 | W29: =+V29/S29 -> 35.764223 | X29: 2 | Y29: 2 | Z29: =+(X29*R29+Y29*W29)/4 -> 28.617202 | AA29: =+(F29*(0.8+($D$6/14000)))/(36+5*((IF(Z29>2,2,Z29))-0.2)*G29) -> 0.075275938
A30: 22 | B30: 1 | C30: 1 | D30: =IF((MAX(B30:C30)/MIN(B30:C30))>2,"1D","2D") -> 2D | E30: =IF(D30="2D","N.A.",10) -> N.A. | F30: =IF(D30="1D",MIN(B30:C30),MAX(B30:C30)) -> 1 | G30: =MAX(B30:C30)/MIN(B30:C30) -> 1 | H30: =IF(D30="2d",(F30*(0.8+($D$6/14000)))/(36+9*G30),F30/E30) -> 0.024444444 | I30: Usar h = | J30: =MAX(0.12,ROUND(H30,2)) -> 0.12 | L30: 0.3 | M30: 0.6 | N30: =+F30*J30*J30*J30/12 -> 0.000144 | O30: =+IF(4*J30>=M30-J30,M30-J30,4*J30)*2+L30 -> 1.26 | P30: =+M30-(0.5*(((O30-L30)*J30*J30)+L30*M30*M30)/((O30-L30)*J30+L30*M30)) -> 0.39365854 | Q30: =+(O30-L30)*J30*J30*J30/12+L30*M30*M30*M30/12+(O30-L30)*J30*POWER(M30-J30*0.5-P30,2)+L30*M30*POWER(P30-0.5*M30,2) -> 0.0095842888 | R30: =+Q30/N30 -> 66.557561 | S30: =+F30*J30*J30*J30*0.5/12 -> 7.2e-05 | T30: =+IF(4*J30>=M30-J30,M30-J30,4*J30)+L30 -> 0.78 | U30: =+M30-(0.5*(((T30-L30)*J30*J30)+L30*M30*M30)/((T30-L30)*J30+L30*M30)) -> 0.35818182 | V30: =+(T30-L30)*J30*J30*J30/12+L30*M30*M30*M30/12+(T30-L30)*J30*POWER(M30-J30*0.5-U30,2)+L30*M30*POWER(U30-0.5*M30,2) -> 0.0079825745 | W30: =+V30/S30 -> 110.86909 | X30: 2 | Y30: 2 | Z30: =+(X30*R30+Y30*W30)/4 -> 88.713326 | AA30: =+(F30*(0.8+($D$6/14000)))/(36+5*((IF(Z30>2,2,Z30))-0.2)*G30) -> 0.024444444
A31: 23 | B31: 1 | C31: 1 | D31: =IF((MAX(B31:C31)/MIN(B31:C31))>2,"1D","2D") -> 2D | E31: =IF(D31="2D","N.A.",10) -> N.A. | F31: =IF(D31="1D",MIN(B31:C31),MAX(B31:C31)) -> 1 | G31: =MAX(B31:C31)/MIN(B31:C31) -> 1 | H31: =IF(D31="2d",(F31*(0.8+($D$6/14000)))/(36+9*G31),F31/E31) -> 0.024444444 | I31: Usar h = | J31: =MAX(0.12,ROUND(H31,2)) -> 0.12 | L31: 0.3 | M31: 0.6 | N31: =+F31*J31*J31*J31/12 -> 0.000144 | O31: =+IF(4*J31>=M31-J31,M31-J31,4*J31)*2+L31 -> 1.26 | P31: =+M31-(0.5*(((O31-L31)*J31*J31)+L31*M31*M31)/((O31-L31)*J31+L31*M31)) -> 0.39365854 | Q31: =+(O31-L31)*J31*J31*J31/12+L31*M31*M31*M31/12+(O31-L31)*J31*POWER(M31-J31*0.5-P31,2)+L31*M31*POWER(P31-0.5*M31,2) -> 0.0095842888 | R31: =+Q31/N31 -> 66.557561 | S31: =+F31*J31*J31*J31*0.5/12 -> 7.2e-05 | T31: =+IF(4*J31>=M31-J31,M31-J31,4*J31)+L31 -> 0.78 | U31: =+M31-(0.5*(((T31-L31)*J31*J31)+L31*M31*M31)/((T31-L31)*J31+L31*M31)) -> 0.35818182 | V31: =+(T31-L31)*J31*J31*J31/12+L31*M31*M31*M31/12+(T31-L31)*J31*POWER(M31-J31*0.5-U31,2)+L31*M31*POWER(U31-0.5*M31,2) -> 0.0079825745 | W31: =+V31/S31 -> 110.86909 | X31: 2 | Y31: 2 | Z31: =+(X31*R31+Y31*W31)/4 -> 88.713326 | AA31: =+(F31*(0.8+($D$6/14000)))/(36+5*((IF(Z31>2,2,Z31))-0.2)*G31) -> 0.024444444
A32: 24 | B32: 1 | C32: 1 | D32: =IF((MAX(B32:C32)/MIN(B32:C32))>2,"1D","2D") -> 2D | E32: =IF(D32="2D","N.A.",10) -> N.A. | F32: =IF(D32="1D",MIN(B32:C32),MAX(B32:C32)) -> 1 | G32: =MAX(B32:C32)/MIN(B32:C32) -> 1 | H32: =IF(D32="2d",(F32*(0.8+($D$6/14000)))/(36+9*G32),F32/E32) -> 0.024444444 | I32: Usar h = | J32: =MAX(0.12,ROUND(H32,2)) -> 0.12 | L32: 0.3 | M32: 0.6 | N32: =+F32*J32*J32*J32/12 -> 0.000144 | O32: =+IF(4*J32>=M32-J32,M32-J32,4*J32)*2+L32 -> 1.26 | P32: =+M32-(0.5*(((O32-L32)*J32*J32)+L32*M32*M32)/((O32-L32)*J32+L32*M32)) -> 0.39365854 | Q32: =+(O32-L32)*J32*J32*J32/12+L32*M32*M32*M32/12+(O32-L32)*J32*POWER(M32-J32*0.5-P32,2)+L32*M32*POWER(P32-0.5*M32,2) -> 0.0095842888 | R32: =+Q32/N32 -> 66.557561 | S32: =+F32*J32*J32*J32*0.5/12 -> 7.2e-05 | T32: =+IF(4*J32>=M32-J32,M32-J32,4*J32)+L32 -> 0.78 | U32: =+M32-(0.5*(((T32-L32)*J32*J32)+L32*M32*M32)/((T32-L32)*J32+L32*M32)) -> 0.35818182 | V32: =+(T32-L32)*J32*J32*J32/12+L32*M32*M32*M32/12+(T32-L32)*J32*POWER(M32-J32*0.5-U32,2)+L32*M32*POWER(U32-0.5*M32,2) -> 0.0079825745 | W32: =+V32/S32 -> 110.86909 | X32: 2 | Y32: 2 | Z32: =+(X32*R32+Y32*W32)/4 -> 88.713326 | AA32: =+(F32*(0.8+($D$6/14000)))/(36+5*((IF(Z32>2,2,Z32))-0.2)*G32) -> 0.024444444
A33: 25 | B33: 1 | C33: 1 | D33: =IF((MAX(B33:C33)/MIN(B33:C33))>2,"1D","2D") -> 2D | E33: =IF(D33="2D","N.A.",10) -> N.A. | F33: =IF(D33="1D",MIN(B33:C33),MAX(B33:C33)) -> 1 | G33: =MAX(B33:C33)/MIN(B33:C33) -> 1 | H33: =IF(D33="2d",(F33*(0.8+($D$6/14000)))/(36+9*G33),F33/E33) -> 0.024444444 | I33: Usar h = | J33: =MAX(0.12,ROUND(H33,2)) -> 0.12 | L33: 0.3 | M33: 0.6 | N33: =+F33*J33*J33*J33/12 -> 0.000144 | O33: =+IF(4*J33>=M33-J33,M33-J33,4*J33)*2+L33 -> 1.26 | P33: =+M33-(0.5*(((O33-L33)*J33*J33)+L33*M33*M33)/((O33-L33)*J33+L33*M33)) -> 0.39365854 | Q33: =+(O33-L33)*J33*J33*J33/12+L33*M33*M33*M33/12+(O33-L33)*J33*POWER(M33-J33*0.5-P33,2)+L33*M33*POWER(P33-0.5*M33,2) -> 0.0095842888 | R33: =+Q33/N33 -> 66.557561 | S33: =+F33*J33*J33*J33*0.5/12 -> 7.2e-05 | T33: =+IF(4*J33>=M33-J33,M33-J33,4*J33)+L33 -> 0.78 | U33: =+M33-(0.5*(((T33-L33)*J33*J33)+L33*M33*M33)/((T33-L33)*J33+L33*M33)) -> 0.35818182 | V33: =+(T33-L33)*J33*J33*J33/12+L33*M33*M33*M33/12+(T33-L33)*J33*POWER(M33-J33*0.5-U33,2)+L33*M33*POWER(U33-0.5*M33,2) -> 0.0079825745 | W33: =+V33/S33 -> 110.86909 | X33: 2 | Y33: 2 | Z33: =+(X33*R33+Y33*W33)/4 -> 88.713326 | AA33: =+(F33*(0.8+($D$6/14000)))/(36+5*((IF(Z33>2,2,Z33))-0.2)*G33) -> 0.024444444
A34: 26 | B34: 1 | C34: 1 | D34: =IF((MAX(B34:C34)/MIN(B34:C34))>2,"1D","2D") -> 2D | E34: =IF(D34="2D","N.A.",10) -> N.A. | F34: =IF(D34="1D",MIN(B34:C34),MAX(B34:C34)) -> 1 | G34: =MAX(B34:C34)/MIN(B34:C34) -> 1 | H34: =IF(D34="2d",(F34*(0.8+($D$6/14000)))/(36+9*G34),F34/E34) -> 0.024444444 | I34: Usar h = | J34: =MAX(0.12,ROUND(H34,2)) -> 0.12 | L34: 0.3 | M34: 0.6 | N34: =+F34*J34*J34*J34/12 -> 0.000144 | O34: =+IF(4*J34>=M34-J34,M34-J34,4*J34)*2+L34 -> 1.26 | P34: =+M34-(0.5*(((O34-L34)*J34*J34)+L34*M34*M34)/((O34-L34)*J34+L34*M34)) -> 0.39365854 | Q34: =+(O34-L34)*J34*J34*J34/12+L34*M34*M34*M34/12+(O34-L34)*J34*POWER(M34-J34*0.5-P34,2)+L34*M34*POWER(P34-0.5*M34,2) -> 0.0095842888 | R34: =+Q34/N34 -> 66.557561 | S34: =+F34*J34*J34*J34*0.5/12 -> 7.2e-05 | T34: =+IF(4*J34>=M34-J34,M34-J34,4*J34)+L34 -> 0.78 | U34: =+M34-(0.5*(((T34-L34)*J34*J34)+L34*M34*M34)/((T34-L34)*J34+L34*M34)) -> 0.35818182 | V34: =+(T34-L34)*J34*J34*J34/12+L34*M34*M34*M34/12+(T34-L34)*J34*POWER(M34-J34*0.5-U34,2)+L34*M34*POWER(U34-0.5*M34,2) -> 0.0079825745 | W34: =+V34/S34 -> 110.86909 | X34: 2 | Y34: 2 | Z34: =+(X34*R34+Y34*W34)/4 -> 88.713326 | AA34: =+(F34*(0.8+($D$6/14000)))/(36+5*((IF(Z34>2,2,Z34))-0.2)*G34) -> 0.024444444
A35: 27 | B35: 1 | C35: 1 | D35: =IF((MAX(B35:C35)/MIN(B35:C35))>2,"1D","2D") -> 2D | E35: =IF(D35="2D","N.A.",10) -> N.A. | F35: =IF(D35="1D",MIN(B35:C35),MAX(B35:C35)) -> 1 | G35: =MAX(B35:C35)/MIN(B35:C35) -> 1 | H35: =IF(D35="2d",(F35*(0.8+($D$6/14000)))/(36+9*G35),F35/E35) -> 0.024444444 | I35: Usar h = | J35: =MAX(0.12,ROUND(H35,2)) -> 0.12 | L35: 0.3 | M35: 0.6 | N35: =+F35*J35*J35*J35/12 -> 0.000144 | O35: =+IF(4*J35>=M35-J35,M35-J35,4*J35)*2+L35 -> 1.26 | P35: =+M35-(0.5*(((O35-L35)*J35*J35)+L35*M35*M35)/((O35-L35)*J35+L35*M35)) -> 0.39365854 | Q35: =+(O35-L35)*J35*J35*J35/12+L35*M35*M35*M35/12+(O35-L35)*J35*POWER(M35-J35*0.5-P35,2)+L35*M35*POWER(P35-0.5*M35,2) -> 0.0095842888 | R35: =+Q35/N35 -> 66.557561 | S35: =+F35*J35*J35*J35*0.5/12 -> 7.2e-05 | T35: =+IF(4*J35>=M35-J35,M35-J35,4*J35)+L35 -> 0.78 | U35: =+M35-(0.5*(((T35-L35)*J35*J35)+L35*M35*M35)/((T35-L35)*J35+L35*M35)) -> 0.35818182 | V35: =+(T35-L35)*J35*J35*J35/12+L35*M35*M35*M35/12+(T35-L35)*J35*POWER(M35-J35*0.5-U35,2)+L35*M35*POWER(U35-0.5*M35,2) -> 0.0079825745 | W35: =+V35/S35 -> 110.86909 | X35: 2 | Y35: 2 | Z35: =+(X35*R35+Y35*W35)/4 -> 88.713326 | AA35: =+(F35*(0.8+($D$6/14000)))/(36+5*((IF(Z35>2,2,Z35))-0.2)*G35) -> 0.024444444
... A58: 50 | B58: 1 | C58: 1 | D58: =IF((MAX(B58:C58)/MIN(B58:C58))>2,"1D","2D") -> 2D | E58: =IF(D58="2D","N.A.",10) -> N.A. | F58: =IF(D58="1D",MIN(B58:C58),MAX(B58:C58)) -> 1 | G58: =MAX(B58:C58)/MIN(B58:C58) -> 1 | H58: =IF(D58="2d",(F58*(0.8+($D$6/14000)))/(36+9*G58),F58/E58) -> 0.024444444 | I58: Usar h = | J58: =MAX(0.12,ROUND(H58,2)) -> 0.12 | L58: 0.3 | M58: 0.6 | N58: =+F58*J58*J58*J58/12 -> 0.000144 | O58: =+IF(4*J58>=M58-J58,M58-J58,4*J58)*2+L58 -> 1.26 | P58: =+M58-(0.5*(((O58-L58)*J58*J58)+L58*M58*M58)/((O58-L58)*J58+L58*M58)) -> 0.39365854 | Q58: =+(O58-L58)*J58*J58*J58/12+L58*M58*M58*M58/12+(O58-L58)*J58*POWER(M58-J58*0.5-P58,2)+L58*M58*POWER(P58-0.5*M58,2) -> 0.0095842888 | R58: =+Q58/N58 -> 66.557561 | S58: =+F58*J58*J58*J58*0.5/12 -> 7.2e-05 | T58: =+IF(4*J58>=M58-J58,M58-J58,4*J58)+L58 -> 0.78 | U58: =+M58-(0.5*(((T58-L58)*J58*J58)+L58*M58*M58)/((T58-L58)*J58+L58*M58)) -> 0.35818182 | V58: =+(T58-L58)*J58*J58*J58/12+L58*M58*M58*M58/12+(T58-L58)*J58*POWER(M58-J58*0.5-U58,2)+L58*M58*POWER(U58-0.5*M58,2) -> 0.0079825745 | W58: =+V58/S58 -> 110.86909 | X58: 2 | Y58: 2 | Z58: =+(X58*R58+Y58*W58)/4 -> 88.713326 | AA58: =+(F58*(0.8+($D$6/14000)))/(36+5*((IF(Z58>2,2,Z58))-0.2)*G58) -> 0.024444444

Sheet Espesor E2
AB1: {=_xlfn.TEXTAFTER(CELL("filename",S2),"]")} -> Espesor E2
B2: ='Espesor Earlette'!B2:D2 -> INGENIERO DEMO | E2: Proyecto: | G2: ='Espesor Earlette'!G2:I2 -> Proyecto Demo | J2: Pag. | AB2: =_xlfn.TEXTAFTER(AB1,"Espesor") -> E2 | AC2: =_xlfn.CONCAT(AB2," ","/") -> E2 /
B3: ='Espesor Earlette'!B3 -> INGENIERO CIVIL | E3: Fecha : | G3: ='Espesor Earlette'!G3:I3 -> 45904 | J3: 1
B4: CODIA: | C4: ='Espesor Earlette'!C4 -> 0 | E4: Desc. : | F4: =_xlfn.CONCAT("Espesor"," ","de"," ","Losas"," ",AB2) -> Espesor de Losas E2
A6: Cant. de Losas: | B6: =IF(COUNTIFS(C9:C58,"<>1", B9:B58,"<>1")=0, 50, COUNTIFS(C9:C58,"<>1", B9:B58,"<>1")) -> 50 | C6: Fy = | D6: 4200 | E6: Kg/cm²
N7: T | S7: L
A8: LOSA | B8: Lx | C8: Ly | D8: Cond. | E8: K | F8: Ln | G8: b | H8: h [cm] | L8: bw | M8: H | N8: Is | O8: B | P8: yt | Q8: Ib | R8: α | S8: Is | T8: B | U8: yt | V8: Ib | W8: α | X8: T | Y8: L | Z8: αfm | AA8: H
A9: 1 | B9: 1 | C9: 1 | D9: =IF((MAX(B9:C9)/MIN(B9:C9))>2,"1D","2D") -> 2D | E9: =IF(D9="2D","N.A.",10) -> N.A. | F9: =IF(D9="1D",MIN(B9:C9),MAX(B9:C9)) -> 1 | G9: =MAX(B9:C9)/MIN(B9:C9) -> 1 | H9: =IF(D9="2d",(F9*(0.8+($D$6/14000)))/(36+9*G9),F9/E9) -> 0.024444444 | I9: Usar h = | J9: =MAX(0.12,ROUND(H9,2)) -> 0.12 | L9: 0.3 | M9: 0.6 | N9: =+F9*J9*J9*J9/12 -> 0.000144 | O9: =+IF(4*J9>=M9-J9,M9-J9,4*J9)*2+L9 -> 1.26 | P9: =+M9-(0.5*(((O9-L9)*J9*J9)+L9*M9*M9)/((O9-L9)*J9+L9*M9)) -> 0.39365854 | Q9: =+(O9-L9)*J9*J9*J9/12+L9*M9*M9*M9/12+(O9-L9)*J9*POWER(M9-J9*0.5-P9,2)+L9*M9*POWER(P9-0.5*M9,2) -> 0.0095842888 | R9: =+Q9/N9 -> 66.557561 | S9: =+F9*J9*J9*J9*0.5/12 -> 7.2e-05 | T9: =+IF(4*J9>=M9-J9,M9-J9,4*J9)+L9 -> 0.78 | U9: =+M9-(0.5*(((T9-L9)*J9*J9)+L9*M9*M9)/((T9-L9)*J9+L9*M9)) -> 0.35818182 | V9: =+(T9-L9)*J9*J9*J9/12+L9*M9*M9*M9/12+(T9-L9)*J9*POWER(M9-J9*0.5-U9,2)+L9*M9*POWER(U9-0.5*M9,2) -> 0.0079825745 | W9: =+V9/S9 -> 110.86909 | X9: 2 | Y9: 2 | Z9: =+(X9*R9+Y9*W9)/4 -> 88.713326 | AA9: =+(F9*(0.8+($D$6/14000)))/(36+5*((IF(Z9>2,2,Z9))-0.2)*G9) -> 0.024444444
A10: 2 | B10: 1 | C10: 1 | D10: =IF((MAX(B10:C10)/MIN(B10:C10))>2,"1D","2D") -> 2D | E10: =IF(D10="2D","N.A.",10) -> N.A. | F10: =IF(D10="1D",MIN(B10:C10),MAX(B10:C10)) -> 1 | G10: =MAX(B10:C10)/MIN(B10:C10) -> 1 | H10: =IF(D10="2d",(F10*(0.8+($D$6/14000)))/(36+9*G10),F10/E10) -> 0.024444444 | I10: Usar h = | J10: =MAX(0.12,ROUND(H10,2)) -> 0.12 | L10: 0.3 | M10: 0.6 | N10: =+F10*J10*J10*J10/12 -> 0.000144 | O10: =+IF(4*J10>=M10-J10,M10-J10,4*J10)*2+L10 -> 1.26 | P10: =+M10-(0.5*(((O10-L10)*J10*J10)+L10*M10*M10)/((O10-L10)*J10+L10*M10)) -> 0.39365854 | Q10: =+(O10-L10)*J10*J10*J10/12+L10*M10*M10*M10/12+(O10-L10)*J10*POWER(M10-J10*0.5-P10,2)+L10*M10*POWER(P10-0.5*M10,2) -> 0.0095842888 | R10: =+Q10/N10 -> 66.557561 | S10: =+F10*J10*J10*J10*0.5/12 -> 7.2e-05 | T10: =+IF(4*J10>=M10-J10,M10-J10,4*J10)+L10 -> 0.78 | U10: =+M10-(0.5*(((T10-L10)*J10*J10)+L10*M10*M10)/((T10-L10)*J10+L10*M10)) -> 0.35818182 | V10: =+(T10-L10)*J10*J10*J10/12+L10*M10*M10*M10/12+(T10-L10)*J10*POWER(M10-J10*0.5-U10,2)+L10*M10*POWER(U10-0.5*M10,2) -> 0.0079825745 | W10: =+V10/S10 -> 110.86909 | X10: 2 | Y10: 2 | Z10: =+(X10*R10+Y10*W10)/4 -> 88.713326 | AA10: =+(F10*(0.8+($D$6/14000)))/(36+5*((IF(Z10>2,2,Z10))-0.2)*G10) -> 0.024444444
A11: 3 | B11: 1 | C11: 1 | D11: =IF((MAX(B11:C11)/MIN(B11:C11))>2,"1D","2D") -> 2D | E11: =IF(D11="2D","N.A.",10) -> N.A. | F11: =IF(D11="1D",MIN(B11:C11),MAX(B11:C11)) -> 1 | G11: =MAX(B11:C11)/MIN(B11:C11) -> 1 | H11: =IF(D11="2d",(F11*(0.8+($D$6/14000)))/(36+9*G11),F11/E11) -> 0.024444444 | I11: Usar h = | J11: =MAX(0.12,ROUND(H11,2)) -> 0.12 | L11: 0.3 | M11: 0.6 | N11: =+F11*J11*J11*J11/12 -> 0.000144 | O11: =+IF(4*J11>=M11-J11,M11-J11,4*J11)*2+L11 -> 1.26 | P11: =+M11-(0.5*(((O11-L11)*J11*J11)+L11*M11*M11)/((O11-L11)*J11+L11*M11)) -> 0.39365854 | Q11: =+(O11-L11)*J11*J11*J11/12+L11*M11*M11*M11/12+(O11-L11)*J11*POWER(M11-J11*0.5-P11,2)+L11*M11*POWER(P11-0.5*M11,2) -> 0.0095842888 | R11: =+Q11/N11 -> 66.557561 | S11: =+F11*J11*J11*J11*0.5/12 -> 7.2e-05 | T11: =+IF(4*J11>=M11-J11,M11-J11,4*J11)+L11 -> 0.78 | U11: =+M11-(0.5*(((T11-L11)*J11*J11)+L11*M11*M11)/((T11-L11)*J11+L11*M11)) -> 0.35818182 | V11: =+(T11-L11)*J11*J11*J11/12+L11*M11*M11*M11/12+(T11-L11)*J11*POWER(M11-J11*0.5-U11,2)+L11*M11*POWER(U11-0.5*M11,2) -> 0.0079825745 | W11: =+V11/S11 -> 110.86909 | X11: 2 | Y11: 2 | Z11: =+(X11*R11+Y11*W11)/4 -> 88.713326 | AA11: =+(F11*(0.8+($D$6/14000)))/(36+5*((IF(Z11>2,2,Z11))-0.2)*G11) -> 0.024444444
A12: 4 | B12: 1 | C12: 1 | D12: =IF((MAX(B12:C12)/MIN(B12:C12))>2,"1D","2D") -> 2D | E12: =IF(D12="2D","N.A.",10) -> N.A. | F12: =IF(D12="1D",MIN(B12:C12),MAX(B12:C12)) -> 1 | G12: =MAX(B12:C12)/MIN(B12:C12) -> 1 | H12: =IF(D12="2d",(F12*(0.8+($D$6/14000)))/(36+9*G12),F12/E12) -> 0.024444444 | I12: Usar h = | J12: =MAX(0.12,ROUND(H12,2)) -> 0.12 | L12: 0.3 | M12: 0.6 | N12: =+F12*J12*J12*J12/12 -> 0.000144 | O12: =+IF(4*J12>=M12-J12,M12-J12,4*J12)*2+L12 -> 1.26 | P12: =+M12-(0.5*(((O12-L12)*J12*J12)+L12*M12*M12)/((O12-L12)*J12+L12*M12)) -> 0.39365854 | Q12: =+(O12-L12)*J12*J12*J12/12+L12*M12*M12*M12/12+(O12-L12)*J12*POWER(M12-J12*0.5-P12,2)+L12*M12*POWER(P12-0.5*M12,2) -> 0.0095842888 | R12: =+Q12/N12 -> 66.557561 | S12: =+F12*J12*J12*J12*0.5/12 -> 7.2e-05 | T12: =+IF(4*J12>=M12-J12,M12-J12,4*J12)+L12 -> 0.78 | U12: =+M12-(0.5*(((T12-L12)*J12*J12)+L12*M12*M12)/((T12-L12)*J12+L12*M12)) -> 0.35818182 | V12: =+(T12-L12)*J12*J12*J12/12+L12*M12*M12*M12/12+(T12-L12)*J12*POWER(M12-J12*0.5-U12,2)+L12*M12*POWER(U12-0.5*M12,2) -> 0.0079825745 | W12: =+V12/S12 -> 110.86909 | X12: 2 | Y12: 2 | Z12: =+(X12*R12+Y12*W12)/4 -> 88.713326 | AA12: =+(F12*(0.8+($D$6/14000)))/(36+5*((IF(Z12>2,2,Z12))-0.2)*G12) -> 0.024444444
A13: 5 | B13: 1 | C13: 1 | D13: =IF((MAX(B13:C13)/MIN(B13:C13))>2,"1D","2D") -> 2D | E13: =IF(D13="2D","N.A.",10) -> N.A. | F13: =IF(D13="1D",MIN(B13:C13),MAX(B13:C13)) -> 1 | G13: =MAX(B13:C13)/MIN(B13:C13) -> 1 | H13: =IF(D13="2d",(F13*(0.8+($D$6/14000)))/(36+9*G13),F13/E13) -> 0.024444444 | I13: Usar h = | J13: =MAX(0.12,ROUND(H13,2)) -> 0.12 | L13: 0.3 | M13: 0.6 | N13: =+F13*J13*J13*J13/12 -> 0.000144 | O13: =+IF(4*J13>=M13-J13,M13-J13,4*J13)*2+L13 -> 1.26 | P13: =+M13-(0.5*(((O13-L13)*J13*J13)+L13*M13*M13)/((O13-L13)*J13+L13*M13)) -> 0.39365854 | Q13: =+(O13-L13)*J13*J13*J13/12+L13*M13*M13*M13/12+(O13-L13)*J13*POWER(M13-J13*0.5-P13,2)+L13*M13*POWER(P13-0.5*M13,2) -> 0.0095842888 | R13: =+Q13/N13 -> 66.557561 | S13: =+F13*J13*J13*J13*0.5/12 -> 7.2e-05 | T13: =+IF(4*J13>=M13-J13,M13-J13,4*J13)+L13 -> 0.78 | U13: =+M13-(0.5*(((T13-L13)*J13*J13)+L13*M13*M13)/((T13-L13)*J13+L13*M13)) -> 0.35818182 | V13: =+(T13-L13)*J13*J13*J13/12+L13*M13*M13*M13/12+(T13-L13)*J13*POWER(M13-J13*0.5-U13,2)+L13*M13*POWER(U13-0.5*M13,2) -> 0.0079825745 | W13: =+V13/S13 -> 110.86909 | X13: 2 | Y13: 2 | Z13: =+(X13*R13+Y13*W13)/4 -> 88.713326 | AA13: =+(F13*(0.8+($D$6/14000)))/(36+5*((IF(Z13>2,2,Z13))-0.2)*G13) -> 0.024444444
A14: 6 | B14: 1 | C14: 1 | D14: =IF((MAX(B14:C14)/MIN(B14:C14))>2,"1D","2D") -> 2D | E14: =IF(D14="2D","N.A.",10) -> N.A. | F14: =IF(D14="1D",MIN(B14:C14),MAX(B14:C14)) -> 1 | G14: =MAX(B14:C14)/MIN(B14:C14) -> 1 | H14: =IF(D14="2d",(F14*(0.8+($D$6/14000)))/(36+9*G14),F14/E14) -> 0.024444444 | I14: Usar h = | J14: =MAX(0.12,ROUND(H14,2)) -> 0.12 | L14: 0.3 | M14: 0.6 | N14: =+F14*J14*J14*J14/12 -> 0.000144 | O14: =+IF(4*J14>=M14-J14,M14-J14,4*J14)*2+L14 -> 1.26 | P14: =+M14-(0.5*(((O14-L14)*J14*J14)+L14*M14*M14)/((O14-L14)*J14+L14*M14)) -> 0.39365854 | Q14: =+(O14-L14)*J14*J14*J14/12+L14*M14*M14*M14/12+(O14-L14)*J14*POWER(M14-J14*0.5-P14,2)+L14*M14*POWER(P14-0.5*M14,2) -> 0.0095842888 | R14: =+Q14/N14 -> 66.557561 | S14: =+F14*J14*J14*J14*0.5/12 -> 7.2e-05 | T14: =+IF(4*J14>=M14-J14,M14-J14,4*J14)+L14 -> 0.78 | U14: =+M14-(0.5*(((T14-L14)*J14*J14)+L14*M14*M14)/((T14-L14)*J14+L14*M14)) -> 0.35818182 | V14: =+(T14-L14)*J14*J14*J14/12+L14*M14*M14*M14/12+(T14-L14)*J14*POWER(M14-J14*0.5-U14,2)+L14*M14*POWER(U14-0.5*M14,2) -> 0.0079825745 | W14: =+V14/S14 -> 110.86909 | X14: 2 | Y14: 2 | Z14: =+(X14*R14+Y14*W14)/4 -> 88.713326 | AA14: =+(F14*(0.8+($D$6/14000)))/(36+5*((IF(Z14>2,2,Z14))-0.2)*G14) -> 0.024444444
A15: 7 | B15: 1 | C15: 1 | D15: =IF((MAX(B15:C15)/MIN(B15:C15))>2,"1D","2D") -> 2D | E15: =IF(D15="2D","N.A.",10) -> N.A. | F15: =IF(D15="1D",MIN(B15:C15),MAX(B15:C15)) -> 1 | G15: =MAX(B15:C15)/MIN(B15:C15) -> 1 | H15: =IF(D15="2d",(F15*(0.8+($D$6/14000)))/(36+9*G15),F15/E15) -> 0.024444444 | I15: Usar h = | J15: =MAX(0.12,ROUND(H15,2)) -> 0.12 | L15: 0.3 | M15: 0.6 | N15: =+F15*J15*J15*J15/12 -> 0.000144 | O15: =+IF(4*J15>=M15-J15,M15-J15,4*J15)*2+L15 -> 1.26 | P15: =+M15-(0.5*(((O15-L15)*J15*J15)+L15*M15*M15)/((O15-L15)*J15+L15*M15)) -> 0.39365854 | Q15: =+(O15-L15)*J15*J15*J15/12+L15*M15*M15*M15/12+(O15-L15)*J15*POWER(M15-J15*0.5-P15,2)+L15*M15*POWER(P15-0.5*M15,2) -> 0.0095842888 | R15: =+Q15/N15 -> 66.557561 | S15: =+F15*J15*J15*J15*0.5/12 -> 7.2e-05 | T15: =+IF(4*J15>=M15-J15,M15-J15,4*J15)+L15 -> 0.78 | U15: =+M15-(0.5*(((T15-L15)*J15*J15)+L15*M15*M15)/((T15-L15)*J15+L15*M15)) -> 0.35818182 | V15: =+(T15-L15)*J15*J15*J15/12+L15*M15*M15*M15/12+(T15-L15)*J15*POWER(M15-J15*0.5-U15,2)+L15*M15*POWER(U15-0.5*M15,2) -> 0.0079825745 | W15: =+V15/S15 -> 110.86909 | X15: 2 | Y15: 2 | Z15: =+(X15*R15+Y15*W15)/4 -> 88.713326 | AA15: =+(F15*(0.8+($D$6/14000)))/(36+5*((IF(Z15>2,2,Z15))-0.2)*G15) -> 0.024444444
A16: 8 | B16: 1 | C16: 1 | D16: =IF((MAX(B16:C16)/MIN(B16:C16))>2,"1D","2D") -> 2D | E16: =IF(D16="2D","N.A.",10) -> N.A. | F16: =IF(D16="1D",MIN(B16:C16),MAX(B16:C16)) -> 1 | G16: =MAX(B16:C16)/MIN(B16:C16) -> 1 | H16: =IF(D16="2d",(F16*(0.8+($D$6/14000)))/(36+9*G16),F16/E16) -> 0.024444444 | I16: Usar h = | J16: =MAX(0.12,ROUND(H16,2)) -> 0.12 | L16: 0.3 | M16: 0.6 | N16: =+F16*J16*J16*J16/12 -> 0.000144 | O16: =+IF(4*J16>=M16-J16,M16-J16,4*J16)*2+L16 -> 1.26 | P16: =+M16-(0.5*(((O16-L16)*J16*J16)+L16*M16*M16)/((O16-L16)*J16+L16*M16)) -> 0.39365854 | Q16: =+(O16-L16)*J16*J16*J16/12+L16*M16*M16*M16/12+(O16-L16)*J16*POWER(M16-J16*0.5-P16,2)+L16*M16*POWER(P16-0.5*M16,2) -> 0.0095842888 | R16: =+Q16/N16 -> 66.557561 | S16: =+F16*J16*J16*J16*0.5/12 -> 7.2e-05 | T16: =+IF(4*J16>=M16-J16,M16-J16,4*J16)+L16 -> 0.78 | U16: =+M16-(0.5*(((T16-L16)*J16*J16)+L16*M16*M16)/((T16-L16)*J16+L16*M16)) -> 0.35818182 | V16: =+(T16-L16)*J16*J16*J16/12+L16*M16*M16*M16/12+(T16-L16)*J16*POWER(M16-J16*0.5-U16,2)+L16*M16*POWER(U16-0.5*M16,2) -> 0.0079825745 | W16: =+V16/S16 -> 110.86909 | X16: 2 | Y16: 2 | Z16: =+(X16*R16+Y16*W16)/4 -> 88.713326 | AA16: =+(F16*(0.8+($D$6/14000)))/(36+5*((IF(Z16>2,2,Z16))-0.2)*G16) -> 0.024444444
A17: 9 | B17: 1 | C17: 1 | D17: =IF((MAX(B17:C17)/MIN(B17:C17))>2,"1D","2D") -> 2D | E17: =IF(D17="2D","N.A.",10) -> N.A. | F17: =IF(D17="1D",MIN(B17:C17),MAX(B17:C17)) -> 1 | G17: =MAX(B17:C17)/MIN(B17:C17) -> 1 | H17: =IF(D17="2d",(F17*(0.8+($D$6/14000)))/(36+9*G17),F17/E17) -> 0.024444444 | I17: Usar h = | J17: =MAX(0.12,ROUND(H17,2)) -> 0.12 | L17: 0.3 | M17: 0.6 | N17: =+F17*J17*J17*J17/12 -> 0.000144 | O17: =+IF(4*J17>=M17-J17,M17-J17,4*J17)*2+L17 -> 1.26 | P17: =+M17-(0.5*(((O17-L17)*J17*J17)+L17*M17*M17)/((O17-L17)*J17+L17*M17)) -> 0.39365854 | Q17: =+(O17-L17)*J17*J17*J17/12+L17*M17*M17*M17/12+(O17-L17)*J17*POWER(M17-J17*0.5-P17,2)+L17*M17*POWER(P17-0.5*M17,2) -> 0.0095842888 | R17: =+Q17/N17 -> 66.557561 | S17: =+F17*J17*J17*J17*0.5/12 -> 7.2e-05 | T17: =+IF(4*J17>=M17-J17,M17-J17,4*J17)+L17 -> 0.78 | U17: =+M17-(0.5*(((T17-L17)*J17*J17)+L17*M17*M17)/((T17-L17)*J17+L17*M17)) -> 0.35818182 | V17: =+(T17-L17)*J17*J17*J17/12+L17*M17*M17*M17/12+(T17-L17)*J17*POWER(M17-J17*0.5-U17,2)+L17*M17*POWER(U17-0.5*M17,2) -> 0.0079825745 | W17: =+V17/S17 -> 110.86909 | X17: 2 | Y17: 2 | Z17: =+(X17*R17+Y17*W17)/4 -> 88.713326 | AA17: =+(F17*(0.8+($D$6/14000)))/(36+5*((IF(Z17>2,2,Z17))-0.2)*G17) -> 0.024444444
A18: 10 | B18: 1 | C18: 1 | D18: =IF((MAX(B18:C18)/MIN(B18:C18))>2,"1D","2D") -> 2D | E18: =IF(D18="2D","N.A.",10) -> N.A. | F18: =IF(D18="1D",MIN(B18:C18),MAX(B18:C18)) -> 1 | G18: =MAX(B18:C18)/MIN(B18:C18) -> 1 | H18: =IF(D18="2d",(F18*(0.8+($D$6/14000)))/(36+9*G18),F18/E18) -> 0.024444444 | I18: Usar h = | J18: =MAX(0.12,ROUND(H18,2)) -> 0.12 | L18: 0.3 | M18: 0.6 | N18: =+F18*J18*J18*J18/12 -> 0.000144 | O18: =+IF(4*J18>=M18-J18,M18-J18,4*J18)*2+L18 -> 1.26 | P18: =+M18-(0.5*(((O18-L18)*J18*J18)+L18*M18*M18)/((O18-L18)*J18+L18*M18)) -> 0.39365854 | Q18: =+(O18-L18)*J18*J18*J18/12+L18*M18*M18*M18/12+(O18-L18)*J18*POWER(M18-J18*0.5-P18,2)+L18*M18*POWER(P18-0.5*M18,2) -> 0.0095842888 | R18: =+Q18/N18 -> 66.557561 | S18: =+F18*J18*J18*J18*0.5/12 -> 7.2e-05 | T18: =+IF(4*J18>=M18-J18,M18-J18,4*J18)+L18 -> 0.78 | U18: =+M18-(0.5*(((T18-L18)*J18*J18)+L18*M18*M18)/((T18-L18)*J18+L18*M18)) -> 0.35818182 | V18: =+(T18-L18)*J18*J18*J18/12+L18*M18*M18*M18/12+(T18-L18)*J18*POWER(M18-J18*0.5-U18,2)+L18*M18*POWER(U18-0.5*M18,2) -> 0.0079825745 | W18: =+V18/S18 -> 110.86909 | X18: 2 | Y18: 2 | Z18: =+(X18*R18+Y18*W18)/4 -> 88.713326 | AA18: =+(F18*(0.8+($D$6/14000)))/(36+5*((IF(Z18>2,2,Z18))-0.2)*G18) -> 0.024444444
A19: 11 | B19: 1 | C19: 1 | D19: =IF((MAX(B19:C19)/MIN(B19:C19))>2,"1D","2D") -> 2D | E19: =IF(D19="2D","N.A.",10) -> N.A. | F19: =IF(D19="1D",MIN(B19:C19),MAX(B19:C19)) -> 1 | G19: =MAX(B19:C19)/MIN(B19:C19) -> 1 | H19: =IF(D19="2d",(F19*(0.8+($D$6/14000)))/(36+9*G19),F19/E19) -> 0.024444444 | I19: Usar h = | J19: =MAX(0.12,ROUND(H19,2)) -> 0.12 | L19: 0.3 | M19: 0.6 | N19: =+F19*J19*J19*J19/12 -> 0.000144 | O19: =+IF(4*J19>=M19-J19,M19-J19,4*J19)*2+L19 -> 1.26 | P19: =+M19-(0.5*(((O19-L19)*J19*J19)+L19*M19*M19)/((O19-L19)*J19+L19*M19)) -> 0.39365854 | Q19: =+(O19-L19)*J19*J19*J19/12+L19*M19*M19*M19/12+(O19-L19)*J19*POWER(M19-J19*0.5-P19,2)+L19*M19*POWER(P19-0.5*M19,2) -> 0.0095842888 | R19: =+Q19/N19 -> 66.557561 | S19: =+F19*J19*J19*J19*0.5/12 -> 7.2e-05 | T19: =+IF(4*J19>=M19-J19,M19-J19,4*J19)+L19 -> 0.78 | U19: =+M19-(0.5*(((T19-L19)*J19*J19)+L19*M19*M19)/((T19-L19)*J19+L19*M19)) -> 0.35818182 | V19: =+(T19-L19)*J19*J19*J19/12+L19*M19*M19*M19/12+(T19-L19)*J19*POWER(M19-J19*0.5-U19,2)+L19*M19*POWER(U19-0.5*M19,2) -> 0.0079825745 | W19: =+V19/S19 -> 110.86909 | X19: 2 | Y19: 2 | Z19: =+(X19*R19+Y19*W19)/4 -> 88.713326 | AA19: =+(F19*(0.8+($D$6/14000)))/(36+5*((IF(Z19>2,2,Z19))-0.2)*G19) -> 0.024444444
A20: 12 | B20: 1 | C20: 1 | D20: =IF((MAX(B20:C20)/MIN(B20:C20))>2,"1D","2D") -> 2D | E20: =IF(D20="2D","N.A.",10) -> N.A. | F20: =IF(D20="1D",MIN(B20:C20),MAX(B20:C20)) -> 1 | G20: =MAX(B20:C20)/MIN(B20:C20) -> 1 | H20: =IF(D20="2d",(F20*(0.8+($D$6/14000)))/(36+9*G20),F20/E20) -> 0.024444444 | I20: Usar h = | J20: =MAX(0.12,ROUND(H20,2)) -> 0.12 | L20: 0.3 | M20: 0.6 | N20: =+F20*J20*J20*J20/12 -> 0.000144 | O20: =+IF(4*J20>=M20-J20,M20-J20,4*J20)*2+L20 -> 1.26 | P20: =+M20-(0.5*(((O20-L20)*J20*J20)+L20*M20*M20)/((O20-L20)*J20+L20*M20)) -> 0.39365854 | Q20: =+(O20-L20)*J20*J20*J20/12+L20*M20*M20*M20/12+(O20-L20)*J20*POWER(M20-J20*0.5-P20,2)+L20*M20*POWER(P20-0.5*M20,2) -> 0.0095842888 | R20: =+Q20/N20 -> 66.557561 | S20: =+F20*J20*J20*J20*0.5/12 -> 7.2e-05 | T20: =+IF(4*J20>=M20-J20,M20-J20,4*J20)+L20 -> 0.78 | U20: =+M20-(0.5*(((T20-L20)*J20*J20)+L20*M20*M20)/((T20-L20)*J20+L20*M20)) -> 0.35818182 | V20: =+(T20-L20)*J20*J20*J20/12+L20*M20*M20*M20/12+(T20-L20)*J20*POWER(M20-J20*0.5-U20,2)+L20*M20*POWER(U20-0.5*M20,2) -> 0.0079825745 | W20: =+V20/S20 -> 110.86909 | X20: 2 | Y20: 2 | Z20: =+(X20*R20+Y20*W20)/4 -> 88.713326 | AA20: =+(F20*(0.8+($D$6/14000)))/(36+5*((IF(Z20>2,2,Z20))-0.2)*G20) -> 0.024444444
... A58: 50 | B58: 1 | C58: 1 | D58: =IF((MAX(B58:C58)/MIN(B58:C58))>2,"1D","2D") -> 2D | E58: =IF(D58="2D","N.A.",10) -> N.A. | F58: =IF(D58="1D",MIN(B58:C58),MAX(B58:C58)) -> 1 | G58: =MAX(B58:C58)/MIN(B58:C58) -> 1 | H58: =IF(D58="2d",(F58*(0.8+($D$6/14000)))/(36+9*G58),F58/E58) -> 0.024444444 | I58: Usar h = | J58: =MAX(0.12,ROUND(H58,2)) -> 0.12 | L58: 0.3 | M58: 0.6 | N58: =+F58*J58*J58*J58/12 -> 0.000144 | O58: =+IF(4*J58>=M58-J58,M58-J58,4*J58)*2+L58 -> 1.26 | P58: =+M58-(0.5*(((O58-L58)*J58*J58)+L58*M58*M58)/((O58-L58)*J58+L58*M58)) -> 0.39365854 | Q58: =+(O58-L58)*J58*J58*J58/12+L58*M58*M58*M58/12+(O58-L58)*J58*POWER(M58-J58*0.5-P58,2)+L58*M58*POWER(P58-0.5*M58,2) -> 0.0095842888 | R58: =+Q58/N58 -> 66.557561 | S58: =+F58*J58*J58*J58*0.5/12 -> 7.2e-05 | T58: =+IF(4*J58>=M58-J58,M58-J58,4*J58)+L58 -> 0.78 | U58: =+M58-(0.5*(((T58-L58)*J58*J58)+L58*M58*M58)/((T58-L58)*J58+L58*M58)) -> 0.35818182 | V58: =+(T58-L58)*J58*J58*J58/12+L58*M58*M58*M58/12+(T58-L58)*J58*POWER(M58-J58*0.5-U58,2)+L58*M58*POWER(U58-0.5*M58,2) -> 0.0079825745 | W58: =+V58/S58 -> 110.86909 | X58: 2 | Y58: 2 | Z58: =+(X58*R58+Y58*W58)/4 -> 88.713326 | AA58: =+(F58*(0.8+($D$6/14000)))/(36+5*((IF(Z58>2,2,Z58))-0.2)*G58) -> 0.024444444

Sheet Espesor E3
AB1: {=_xlfn.TEXTAFTER(CELL("filename",S2),"]")} -> Espesor E3
B2: ='Espesor Earlette'!B2:D2 -> INGENIERO DEMO | E2: Proyecto: | G2: ='Espesor Earlette'!G2:I2 -> Proyecto Demo | J2: Pag. | AB2: =_xlfn.TEXTAFTER(AB1,"Espesor") -> E3 | AC2: =_xlfn.CONCAT(AB2," ","/") -> E3 /
B3: ='Espesor Earlette'!B3 -> INGENIERO CIVIL | E3: Fecha : | G3: ='Espesor Earlette'!G3:I3 -> 45904 | J3: 1
B4: CODIA: | C4: ='Espesor Earlette'!C4 -> 0 | E4: Desc. : | F4: =_xlfn.CONCAT("Espesor"," ","de"," ","Losas"," ",AB2) -> Espesor de Losas E3
A6: Cant. de Losas: | B6: =IF(COUNTIFS(C9:C58,"<>1", B9:B58,"<>1")=0, 50, COUNTIFS(C9:C58,"<>1", B9:B58,"<>1")) -> 50 | C6: Fy = | D6: 4200 | E6: Kg/cm²
N7: T | S7: L
A8: LOSA | B8: Lx | C8: Ly | D8: Cond. | E8: K | F8: Ln | G8: b | H8: h [cm] | L8: bw | M8: H | N8: Is | O8: B | P8: yt | Q8: Ib | R8: α | S8: Is | T8: B | U8: yt | V8: Ib | W8: α | X8: T | Y8: L | Z8: αfm | AA8: H
A9: 1 | B9: 1 | C9: 1 | D9: =IF((MAX(B9:C9)/MIN(B9:C9))>2,"1D","2D") -> 2D | E9: =IF(D9="2D","N.A.",10) -> N.A. | F9: =IF(D9="1D",MIN(B9:C9),MAX(B9:C9)) -> 1 | G9: =MAX(B9:C9)/MIN(B9:C9) -> 1 | H9: =IF(D9="2d",(F9*(0.8+($D$6/14000)))/(36+9*G9),F9/E9) -> 0.024444444 | I9: Usar h = | J9: =MAX(0.12,ROUND(H9,2)) -> 0.12 | L9: 0.3 | M9: 0.6 | N9: =+F9*J9*J9*J9/12 -> 0.000144 | O9: =+IF(4*J9>=M9-J9,M9-J9,4*J9)*2+L9 -> 1.26 | P9: =+M9-(0.5*(((O9-L9)*J9*J9)+L9*M9*M9)/((O9-L9)*J9+L9*M9)) -> 0.39365854 | Q9: =+(O9-L9)*J9*J9*J9/12+L9*M9*M9*M9/12+(O9-L9)*J9*POWER(M9-J9*0.5-P9,2)+L9*M9*POWER(P9-0.5*M9,2) -> 0.0095842888 | R9: =+Q9/N9 -> 66.557561 | S9: =+F9*J9*J9*J9*0.5/12 -> 7.2e-05 | T9: =+IF(4*J9>=M9-J9,M9-J9,4*J9)+L9 -> 0.78 | U9: =+M9-(0.5*(((T9-L9)*J9*J9)+L9*M9*M9)/((T9-L9)*J9+L9*M9)) -> 0.35818182 | V9: =+(T9-L9)*J9*J9*J9/12+L9*M9*M9*M9/12+(T9-L9)*J9*POWER(M9-J9*0.5-U9,2)+L9*M9*POWER(U9-0.5*M9,2) -> 0.0079825745 | W9: =+V9/S9 -> 110.86909 | X9: 2 | Y9: 2 | Z9: =+(X9*R9+Y9*W9)/4 -> 88.713326 | AA9: =+(F9*(0.8+($D$6/14000)))/(36+5*((IF(Z9>2,2,Z9))-0.2)*G9) -> 0.024444444
A10: 2 | B10: 1 | C10: 1 | D10: =IF((MAX(B10:C10)/MIN(B10:C10))>2,"1D","2D") -> 2D | E10: =IF(D10="2D","N.A.",10) -> N.A. | F10: =IF(D10="1D",MIN(B10:C10),MAX(B10:C10)) -> 1 | G10: =MAX(B10:C10)/MIN(B10:C10) -> 1 | H10: =IF(D10="2d",(F10*(0.8+($D$6/14000)))/(36+9*G10),F10/E10) -> 0.024444444 | I10: Usar h = | J10: =MAX(0.12,ROUND(H10,2)) -> 0.12 | L10: 0.3 | M10: 0.6 | N10: =+F10*J10*J10*J10/12 -> 0.000144 | O10: =+IF(4*J10>=M10-J10,M10-J10,4*J10)*2+L10 -> 1.26 | P10: =+M10-(0.5*(((O10-L10)*J10*J10)+L10*M10*M10)/((O10-L10)*J10+L10*M10)) -> 0.39365854 | Q10: =+(O10-L10)*J10*J10*J10/12+L10*M10*M10*M10/12+(O10-L10)*J10*POWER(M10-J10*0.5-P10,2)+L10*M10*POWER(P10-0.5*M10,2) -> 0.0095842888 | R10: =+Q10/N10 -> 66.557561 | S10: =+F10*J10*J10*J10*0.5/12 -> 7.2e-05 | T10: =+IF(4*J10>=M10-J10,M10-J10,4*J10)+L10 -> 0.78 | U10: =+M10-(0.5*(((T10-L10)*J10*J10)+L10*M10*M10)/((T10-L10)*J10+L10*M10)) -> 0.35818182 | V10: =+(T10-L10)*J10*J10*J10/12+L10*M10*M10*M10/12+(T10-L10)*J10*POWER(M10-J10*0.5-U10,2)+L10*M10*POWER(U10-0.5*M10,2) -> 0.0079825745 | W10: =+V10/S10 -> 110.86909 | X10: 2 | Y10: 2 | Z10: =+(X10*R10+Y10*W10)/4 -> 88.713326 | AA10: =+(F10*(0.8+($D$6/14000)))/(36+5*((IF(Z10>2,2,Z10))-0.2)*G10) -> 0.024444444
A11: 3 | B11: 1 | C11: 1 | D11: =IF((MAX(B11:C11)/MIN(B11:C11))>2,"1D","2D") -> 2D | E11: =IF(D11="2D","N.A.",10) -> N.A. | F11: =IF(D11="1D",MIN(B11:C11),MAX(B11:C11)) -> 1 | G11: =MAX(B11:C11)/MIN(B11:C11) -> 1 | H11: =IF(D11="2d",(F11*(0.8+($D$6/14000)))/(36+9*G11),F11/E11) -> 0.024444444 | I11: Usar h = | J11: =MAX(0.12,ROUND(H11,2)) -> 0.12 | L11: 0.3 | M11: 0.6 | N11: =+F11*J11*J11*J11/12 -> 0.000144 | O11: =+IF(4*J11>=M11-J11,M11-J11,4*J11)*2+L11 -> 1.26 | P11: =+M11-(0.5*(((O11-L11)*J11*J11)+L11*M11*M11)/((O11-L11)*J11+L11*M11)) -> 0.39365854 | Q11: =+(O11-L11)*J11*J11*J11/12+L11*M11*M11*M11/12+(O11-L11)*J11*POWER(M11-J11*0.5-P11,2)+L11*M11*POWER(P11-0.5*M11,2) -> 0.0095842888 | R11: =+Q11/N11 -> 66.557561 | S11: =+F11*J11*J11*J11*0.5/12 -> 7.2e-05 | T11: =+IF(4*J11>=M11-J11,M11-J11,4*J11)+L11 -> 0.78 | U11: =+M11-(0.5*(((T11-L11)*J11*J11)+L11*M11*M11)/((T11-L11)*J11+L11*M11)) -> 0.35818182 | V11: =+(T11-L11)*J11*J11*J11/12+L11*M11*M11*M11/12+(T11-L11)*J11*POWER(M11-J11*0.5-U11,2)+L11*M11*POWER(U11-0.5*M11,2) -> 0.0079825745 | W11: =+V11/S11 -> 110.86909 | X11: 2 | Y11: 2 | Z11: =+(X11*R11+Y11*W11)/4 -> 88.713326 | AA11: =+(F11*(0.8+($D$6/14000)))/(36+5*((IF(Z11>2,2,Z11))-0.2)*G11) -> 0.024444444
A12: 4 | B12: 1 | C12: 1 | D12: =IF((MAX(B12:C12)/MIN(B12:C12))>2,"1D","2D") -> 2D | E12: =IF(D12="2D","N.A.",10) -> N.A. | F12: =IF(D12="1D",MIN(B12:C12),MAX(B12:C12)) -> 1 | G12: =MAX(B12:C12)/MIN(B12:C12) -> 1 | H12: =IF(D12="2d",(F12*(0.8+($D$6/14000)))/(36+9*G12),F12/E12) -> 0.024444444 | I12: Usar h = | J12: =MAX(0.12,ROUND(H12,2)) -> 0.12 | L12: 0.3 | M12: 0.6 | N12: =+F12*J12*J12*J12/12 -> 0.000144 | O12: =+IF(4*J12>=M12-J12,M12-J12,4*J12)*2+L12 -> 1.26 | P12: =+M12-(0.5*(((O12-L12)*J12*J12)+L12*M12*M12)/((O12-L12)*J12+L12*M12)) -> 0.39365854 | Q12: =+(O12-L12)*J12*J12*J12/12+L12*M12*M12*M12/12+(O12-L12)*J12*POWER(M12-J12*0.5-P12,2)+L12*M12*POWER(P12-0.5*M12,2) -> 0.0095842888 | R12: =+Q12/N12 -> 66.557561 | S12: =+F12*J12*J12*J12*0.5/12 -> 7.2e-05 | T12: =+IF(4*J12>=M12-J12,M12-J12,4*J12)+L12 -> 0.78 | U12: =+M12-(0.5*(((T12-L12)*J12*J12)+L12*M12*M12)/((T12-L12)*J12+L12*M12)) -> 0.35818182 | V12: =+(T12-L12)*J12*J12*J12/12+L12*M12*M12*M12/12+(T12-L12)*J12*POWER(M12-J12*0.5-U12,2)+L12*M12*POWER(U12-0.5*M12,2) -> 0.0079825745 | W12: =+V12/S12 -> 110.86909 | X12: 2 | Y12: 2 | Z12: =+(X12*R12+Y12*W12)/4 -> 88.713326 | AA12: =+(F12*(0.8+($D$6/14000)))/(36+5*((IF(Z12>2,2,Z12))-0.2)*G12) -> 0.024444444
A13: 5 | B13: 1 | C13: 1 | D13: =IF((MAX(B13:C13)/MIN(B13:C13))>2,"1D","2D") -> 2D | E13: =IF(D13="2D","N.A.",10) -> N.A. | F13: =IF(D13="1D",MIN(B13:C13),MAX(B13:C13)) -> 1 | G13: =MAX(B13:C13)/MIN(B13:C13) -> 1 | H13: =IF(D13="2d",(F13*(0.8+($D$6/14000)))/(36+9*G13),F13/E13) -> 0.024444444 | I13: Usar h = | J13: =MAX(0.12,ROUND(H13,2)) -> 0.12 | L13: 0.3 | M13: 0.6 | N13: =+F13*J13*J13*J13/12 -> 0.000144 | O13: =+IF(4*J13>=M13-J13,M13-J13,4*J13)*2+L13 -> 1.26 | P13: =+M13-(0.5*(((O13-L13)*J13*J13)+L13*M13*M13)/((O13-L13)*J13+L13*M13)) -> 0.39365854 | Q13: =+(O13-L13)*J13*J13*J13/12+L13*M13*M13*M13/12+(O13-L13)*J13*POWER(M13-J13*0.5-P13,2)+L13*M13*POWER(P13-0.5*M13,2) -> 0.0095842888 | R13: =+Q13/N13 -> 66.557561 | S13: =+F13*J13*J13*J13*0.5/12 -> 7.2e-05 | T13: =+IF(4*J13>=M13-J13,M13-J13,4*J13)+L13 -> 0.78 | U13: =+M13-(0.5*(((T13-L13)*J13*J13)+L13*M13*M13)/((T13-L13)*J13+L13*M13)) -> 0.35818182 | V13: =+(T13-L13)*J13*J13*J13/12+L13*M13*M13*M13/12+(T13-L13)*J13*POWER(M13-J13*0.5-U13,2)+L13*M13*POWER(U13-0.5*M13,2) -> 0.0079825745 | W13: =+V13/S13 -> 110.86909 | X13: 2 | Y13: 2 | Z13: =+(X13*R13+Y13*W13)/4 -> 88.713326 | AA13: =+(F13*(0.8+($D$6/14000)))/(36+5*((IF(Z13>2,2,Z13))-0.2)*G13) -> 0.024444444
A14: 6 | B14: 1 | C14: 1 | D14: =IF((MAX(B14:C14)/MIN(B14:C14))>2,"1D","2D") -> 2D | E14: =IF(D14="2D","N.A.",10) -> N.A. | F14: =IF(D14="1D",MIN(B14:C14),MAX(B14:C14)) -> 1 | G14: =MAX(B14:C14)/MIN(B14:C14) -> 1 | H14: =IF(D14="2d",(F14*(0.8+($D$6/14000)))/(36+9*G14),F14/E14) -> 0.024444444 | I14: Usar h = | J14: =MAX(0.12,ROUND(H14,2)) -> 0.12 | L14: 0.3 | M14: 0.6 | N14: =+F14*J14*J14*J14/12 -> 0.000144 | O14: =+IF(4*J14>=M14-J14,M14-J14,4*J14)*2+L14 -> 1.26 | P14: =+M14-(0.5*(((O14-L14)*J14*J14)+L14*M14*M14)/((O14-L14)*J14+L14*M14)) -> 0.39365854 | Q14: =+(O14-L14)*J14*J14*J14/12+L14*M14*M14*M14/12+(O14-L14)*J14*POWER(M14-J14*0.5-P14,2)+L14*M14*POWER(P14-0.5*M14,2) -> 0.0095842888 | R14: =+Q14/N14 -> 66.557561 | S14: =+F14*J14*J14*J14*0.5/12 -> 7.2e-05 | T14: =+IF(4*J14>=M14-J14,M14-J14,4*J14)+L14 -> 0.78 | U14: =+M14-(0.5*(((T14-L14)*J14*J14)+L14*M14*M14)/((T14-L14)*J14+L14*M14)) -> 0.35818182 | V14: =+(T14-L14)*J14*J14*J14/12+L14*M14*M14*M14/12+(T14-L14)*J14*POWER(M14-J14*0.5-U14,2)+L14*M14*POWER(U14-0.5*M14,2) -> 0.0079825745 | W14: =+V14/S14 -> 110.86909 | X14: 2 | Y14: 2 | Z14: =+(X14*R14+Y14*W14)/4 -> 88.713326 | AA14: =+(F14*(0.8+($D$6/14000)))/(36+5*((IF(Z14>2,2,Z14))-0.2)*G14) -> 0.024444444
A15: 7 | B15: 1 | C15: 1 | D15: =IF((MAX(B15:C15)/MIN(B15:C15))>2,"1D","2D") -> 2D | E15: =IF(D15="2D","N.A.",10) -> N.A. | F15: =IF(D15="1D",MIN(B15:C15),MAX(B15:C15)) -> 1 | G15: =MAX(B15:C15)/MIN(B15:C15) -> 1 | H15: =IF(D15="2d",(F15*(0.8+($D$6/14000)))/(36+9*G15),F15/E15) -> 0.024444444 | I15: Usar h = | J15: =MAX(0.12,ROUND(H15,2)) -> 0.12 | L15: 0.3 | M15: 0.6 | N15: =+F15*J15*J15*J15/12 -> 0.000144 | O15: =+IF(4*J15>=M15-J15,M15-J15,4*J15)*2+L15 -> 1.26 | P15: =+M15-(0.5*(((O15-L15)*J15*J15)+L15*M15*M15)/((O15-L15)*J15+L15*M15)) -> 0.39365854 | Q15: =+(O15-L15)*J15*J15*J15/12+L15*M15*M15*M15/12+(O15-L15)*J15*POWER(M15-J15*0.5-P15,2)+L15*M15*POWER(P15-0.5*M15,2) -> 0.0095842888 | R15: =+Q15/N15 -> 66.557561 | S15: =+F15*J15*J15*J15*0.5/12 -> 7.2e-05 | T15: =+IF(4*J15>=M15-J15,M15-J15,4*J15)+L15 -> 0.78 | U15: =+M15-(0.5*(((T15-L15)*J15*J15)+L15*M15*M15)/((T15-L15)*J15+L15*M15)) -> 0.35818182 | V15: =+(T15-L15)*J15*J15*J15/12+L15*M15*M15*M15/12+(T15-L15)*J15*POWER(M15-J15*0.5-U15,2)+L15*M15*POWER(U15-0.5*M15,2) -> 0.0079825745 | W15: =+V15/S15 -> 110.86909 | X15: 2 | Y15: 2 | Z15: =+(X15*R15+Y15*W15)/4 -> 88.713326 | AA15: =+(F15*(0.8+($D$6/14000)))/(36+5*((IF(Z15>2,2,Z15))-0.2)*G15) -> 0.024444444
A16: 8 | B16: 1 | C16: 1 | D16: =IF((MAX(B16:C16)/MIN(B16:C16))>2,"1D","2D") -> 2D | E16: =IF(D16="2D","N.A.",10) -> N.A. | F16: =IF(D16="1D",MIN(B16:C16),MAX(B16:C16)) -> 1 | G16: =MAX(B16:C16)/MIN(B16:C16) -> 1 | H16: =IF(D16="2d",(F16*(0.8+($D$6/14000)))/(36+9*G16),F16/E16) -> 0.024444444 | I16: Usar h = | J16: =MAX(0.12,ROUND(H16,2)) -> 0.12 | L16: 0.3 | M16: 0.6 | N16: =+F16*J16*J16*J16/12 -> 0.000144 | O16: =+IF(4*J16>=M16-J16,M16-J16,4*J16)*2+L16 -> 1.26 | P16: =+M16-(0.5*(((O16-L16)*J16*J16)+L16*M16*M16)/((O16-L16)*J16+L16*M16)) -> 0.39365854 | Q16: =+(O16-L16)*J16*J16*J16/12+L16*M16*M16*M16/12+(O16-L16)*J16*POWER(M16-J16*0.5-P16,2)+L16*M16*POWER(P16-0.5*M16,2) -> 0.0095842888 | R16: =+Q16/N16 -> 66.557561 | S16: =+F16*J16*J16*J16*0.5/12 -> 7.2e-05 | T16: =+IF(4*J16>=M16-J16,M16-J16,4*J16)+L16 -> 0.78 | U16: =+M16-(0.5*(((T16-L16)*J16*J16)+L16*M16*M16)/((T16-L16)*J16+L16*M16)) -> 0.35818182 | V16: =+(T16-L16)*J16*J16*J16/12+L16*M16*M16*M16/12+(T16-L16)*J16*POWER(M16-J16*0.5-U16,2)+L16*M16*POWER(U16-0.5*M16,2) -> 0.0079825745 | W16: =+V16/S16 -> 110.86909 | X16: 2 | Y16: 2 | Z16: =+(X16*R16+Y16*W16)/4 -> 88.713326 | AA16: =+(F16*(0.8+($D$6/14000)))/(36+5*((IF(Z16>2,2,Z16))-0.2)*G16) -> 0.024444444
A17: 9 | B17: 1 | C17: 1 | D17: =IF((MAX(B17:C17)/MIN(B17:C17))>2,"1D","2D") -> 2D | E17: =IF(D17="2D","N.A.",10) -> N.A. | F17: =IF(D17="1D",MIN(B17:C17),MAX(B17:C17)) -> 1 | G17: =MAX(B17:C17)/MIN(B17:C17) -> 1 | H17: =IF(D17="2d",(F17*(0.8+($D$6/14000)))/(36+9*G17),F17/E17) -> 0.024444444 | I17: Usar h = | J17: =MAX(0.12,ROUND(H17,2)) -> 0.12 | L17: 0.3 | M17: 0.6 | N17: =+F17*J17*J17*J17/12 -> 0.000144 | O17: =+IF(4*J17>=M17-J17,M17-J17,4*J17)*2+L17 -> 1.26 | P17: =+M17-(0.5*(((O17-L17)*J17*J17)+L17*M17*M17)/((O17-L17)*J17+L17*M17)) -> 0.39365854 | Q17: =+(O17-L17)*J17*J17*J17/12+L17*M17*M17*M17/12+(O17-L17)*J17*POWER(M17-J17*0.5-P17,2)+L17*M17*POWER(P17-0.5*M17,2) -> 0.0095842888 | R17: =+Q17/N17 -> 66.557561 | S17: =+F17*J17*J17*J17*0.5/12 -> 7.2e-05 | T17: =+IF(4*J17>=M17-J17,M17-J17,4*J17)+L17 -> 0.78 | U17: =+M17-(0.5*(((T17-L17)*J17*J17)+L17*M17*M17)/((T17-L17)*J17+L17*M17)) -> 0.35818182 | V17: =+(T17-L17)*J17*J17*J17/12+L17*M17*M17*M17/12+(T17-L17)*J17*POWER(M17-J17*0.5-U17,2)+L17*M17*POWER(U17-0.5*M17,2) -> 0.0079825745 | W17: =+V17/S17 -> 110.86909 | X17: 2 | Y17: 2 | Z17: =+(X17*R17+Y17*W17)/4 -> 88.713326 | AA17: =+(F17*(0.8+($D$6/14000)))/(36+5*((IF(Z17>2,2,Z17))-0.2)*G17) -> 0.024444444
A18: 10 | B18: 1 | C18: 1 | D18: =IF((MAX(B18:C18)/MIN(B18:C18))>2,"1D","2D") -> 2D | E18: =IF(D18="2D","N.A.",10) -> N.A. | F18: =IF(D18="1D",MIN(B18:C18),MAX(B18:C18)) -> 1 | G18: =MAX(B18:C18)/MIN(B18:C18) -> 1 | H18: =IF(D18="2d",(F18*(0.8+($D$6/14000)))/(36+9*G18),F18/E18) -> 0.024444444 | I18: Usar h = | J18: =MAX(0.12,ROUND(H18,2)) -> 0.12 | L18: 0.3 | M18: 0.6 | N18: =+F18*J18*J18*J18/12 -> 0.000144 | O18: =+IF(4*J18>=M18-J18,M18-J18,4*J18)*2+L18 -> 1.26 | P18: =+M18-(0.5*(((O18-L18)*J18*J18)+L18*M18*M18)/((O18-L18)*J18+L18*M18)) -> 0.39365854 | Q18: =+(O18-L18)*J18*J18*J18/12+L18*M18*M18*M18/12+(O18-L18)*J18*POWER(M18-J18*0.5-P18,2)+L18*M18*POWER(P18-0.5*M18,2) -> 0.0095842888 | R18: =+Q18/N18 -> 66.557561 | S18: =+F18*J18*J18*J18*0.5/12 -> 7.2e-05 | T18: =+IF(4*J18>=M18-J18,M18-J18,4*J18)+L18 -> 0.78 | U18: =+M18-(0.5*(((T18-L18)*J18*J18)+L18*M18*M18)/((T18-L18)*J18+L18*M18)) -> 0.35818182 | V18: =+(T18-L18)*J18*J18*J18/12+L18*M18*M18*M18/12+(T18-L18)*J18*POWER(M18-J18*0.5-U18,2)+L18*M18*POWER(U18-0.5*M18,2) -> 0.0079825745 | W18: =+V18/S18 -> 110.86909 | X18: 2 | Y18: 2 | Z18: =+(X18*R18+Y18*W18)/4 -> 88.713326 | AA18: =+(F18*(0.8+($D$6/14000)))/(36+5*((IF(Z18>2,2,Z18))-0.2)*G18) -> 0.024444444
A19: 11 | B19: 1 | C19: 1 | D19: =IF((MAX(B19:C19)/MIN(B19:C19))>2,"1D","2D") -> 2D | E19: =IF(D19="2D","N.A.",10) -> N.A. | F19: =IF(D19="1D",MIN(B19:C19),MAX(B19:C19)) -> 1 | G19: =MAX(B19:C19)/MIN(B19:C19) -> 1 | H19: =IF(D19="2d",(F19*(0.8+($D$6/14000)))/(36+9*G19),F19/E19) -> 0.024444444 | I19: Usar h = | J19: =MAX(0.12,ROUND(H19,2)) -> 0.12 | L19: 0.3 | M19: 0.6 | N19: =+F19*J19*J19*J19/12 -> 0.000144 | O19: =+IF(4*J19>=M19-J19,M19-J19,4*J19)*2+L19 -> 1.26 | P19: =+M19-(0.5*(((O19-L19)*J19*J19)+L19*M19*M19)/((O19-L19)*J19+L19*M19)) -> 0.39365854 | Q19: =+(O19-L19)*J19*J19*J19/12+L19*M19*M19*M19/12+(O19-L19)*J19*POWER(M19-J19*0.5-P19,2)+L19*M19*POWER(P19-0.5*M19,2) -> 0.0095842888 | R19: =+Q19/N19 -> 66.557561 | S19: =+F19*J19*J19*J19*0.5/12 -> 7.2e-05 | T19: =+IF(4*J19>=M19-J19,M19-J19,4*J19)+L19 -> 0.78 | U19: =+M19-(0.5*(((T19-L19)*J19*J19)+L19*M19*M19)/((T19-L19)*J19+L19*M19)) -> 0.35818182 | V19: =+(T19-L19)*J19*J19*J19/12+L19*M19*M19*M19/12+(T19-L19)*J19*POWER(M19-J19*0.5-U19,2)+L19*M19*POWER(U19-0.5*M19,2) -> 0.0079825745 | W19: =+V19/S19 -> 110.86909 | X19: 2 | Y19: 2 | Z19: =+(X19*R19+Y19*W19)/4 -> 88.713326 | AA19: =+(F19*(0.8+($D$6/14000)))/(36+5*((IF(Z19>2,2,Z19))-0.2)*G19) -> 0.024444444
A20: 12 | B20: 1 | C20: 1 | D20: =IF((MAX(B20:C20)/MIN(B20:C20))>2,"1D","2D") -> 2D | E20: =IF(D20="2D","N.A.",10) -> N.A. | F20: =IF(D20="1D",MIN(B20:C20),MAX(B20:C20)) -> 1 | G20: =MAX(B20:C20)/MIN(B20:C20) -> 1 | H20: =IF(D20="2d",(F20*(0.8+($D$6/14000)))/(36+9*G20),F20/E20) -> 0.024444444 | I20: Usar h = | J20: =MAX(0.12,ROUND(H20,2)) -> 0.12 | L20: 0.3 | M20: 0.6 | N20: =+F20*J20*J20*J20/12 -> 0.000144 | O20: =+IF(4*J20>=M20-J20,M20-J20,4*J20)*2+L20 -> 1.26 | P20: =+M20-(0.5*(((O20-L20)*J20*J20)+L20*M20*M20)/((O20-L20)*J20+L20*M20)) -> 0.39365854 | Q20: =+(O20-L20)*J20*J20*J20/12+L20*M20*M20*M20/12+(O20-L20)*J20*POWER(M20-J20*0.5-P20,2)+L20*M20*POWER(P20-0.5*M20,2) -> 0.0095842888 | R20: =+Q20/N20 -> 66.557561 | S20: =+F20*J20*J20*J20*0.5/12 -> 7.2e-05 | T20: =+IF(4*J20>=M20-J20,M20-J20,4*J20)+L20 -> 0.78 | U20: =+M20-(0.5*(((T20-L20)*J20*J20)+L20*M20*M20)/((T20-L20)*J20+L20*M20)) -> 0.35818182 | V20: =+(T20-L20)*J20*J20*J20/12+L20*M20*M20*M20/12+(T20-L20)*J20*POWER(M20-J20*0.5-U20,2)+L20*M20*POWER(U20-0.5*M20,2) -> 0.0079825745 | W20: =+V20/S20 -> 110.86909 | X20: 2 | Y20: 2 | Z20: =+(X20*R20+Y20*W20)/4 -> 88.713326 | AA20: =+(F20*(0.8+($D$6/14000)))/(36+5*((IF(Z20>2,2,Z20))-0.2)*G20) -> 0.024444444
... A58: 50 | B58: 1 | C58: 1 | D58: =IF((MAX(B58:C58)/MIN(B58:C58))>2,"1D","2D") -> 2D | E58: =IF(D58="2D","N.A.",10) -> N.A. | F58: =IF(D58="1D",MIN(B58:C58),MAX(B58:C58)) -> 1 | G58: =MAX(B58:C58)/MIN(B58:C58) -> 1 | H58: =IF(D58="2d",(F58*(0.8+($D$6/14000)))/(36+9*G58),F58/E58) -> 0.024444444 | I58: Usar h = | J58: =MAX(0.12,ROUND(H58,2)) -> 0.12 | L58: 0.3 | M58: 0.6 | N58: =+F58*J58*J58*J58/12 -> 0.000144 | O58: =+IF(4*J58>=M58-J58,M58-J58,4*J58)*2+L58 -> 1.26 | P58: =+M58-(0.5*(((O58-L58)*J58*J58)+L58*M58*M58)/((O58-L58)*J58+L58*M58)) -> 0.39365854 | Q58: =+(O58-L58)*J58*J58*J58/12+L58*M58*M58*M58/12+(O58-L58)*J58*POWER(M58-J58*0.5-P58,2)+L58*M58*POWER(P58-0.5*M58,2) -> 0.0095842888 | R58: =+Q58/N58 -> 66.557561 | S58: =+F58*J58*J58*J58*0.5/12 -> 7.2e-05 | T58: =+IF(4*J58>=M58-J58,M58-J58,4*J58)+L58 -> 0.78 | U58: =+M58-(0.5*(((T58-L58)*J58*J58)+L58*M58*M58)/((T58-L58)*J58+L58*M58)) -> 0.35818182 | V58: =+(T58-L58)*J58*J58*J58/12+L58*M58*M58*M58/12+(T58-L58)*J58*POWER(M58-J58*0.5-U58,2)+L58*M58*POWER(U58-0.5*M58,2) -> 0.0079825745 | W58: =+V58/S58 -> 110.86909 | X58: 2 | Y58: 2 | Z58: =+(X58*R58+Y58*W58)/4 -> 88.713326 | AA58: =+(F58*(0.8+($D$6/14000)))/(36+5*((IF(Z58>2,2,Z58))-0.2)*G58) -> 0.024444444

Sheet Espesor E4
AB1: {=_xlfn.TEXTAFTER(CELL("filename",S2),"]")} -> Espesor E4
B2: ='Espesor Earlette'!B2:D2 -> INGENIERO DEMO | E2: Proyecto: | G2: ='Espesor Earlette'!G2:I2 -> Proyecto Demo | J2: Pag. | AB2: =_xlfn.TEXTAFTER(AB1,"Espesor") -> E4 | AC2: =_xlfn.CONCAT(AB2," ","/") -> E4 /
B3: ='Espesor Earlette'!B3 -> INGENIERO CIVIL | E3: Fecha : | G3: ='Espesor Earlette'!G3:I3 -> 45904 | J3: 1
B4: CODIA: | C4: ='Espesor Earlette'!C4 -> 0 | E4: Desc. : | F4: =_xlfn.CONCAT("Espesor"," ","de"," ","Losas"," ",AB2) -> Espesor de Losas E4
A6: Cant. de Losas: | B6: =IF(COUNTIFS(C9:C58,"<>1", B9:B58,"<>1")=0, 50, COUNTIFS(C9:C58,"<>1", B9:B58,"<>1")) -> 50 | C6: Fy = | D6: 4200 | E6: Kg/cm²
N7: T | S7: L
A8: LOSA | B8: Lx | C8: Ly | D8: Cond. | E8: K | F8: Ln | G8: b | H8: h [cm] | L8: bw | M8: H | N8: Is | O8: B | P8: yt | Q8: Ib | R8: α | S8: Is | T8: B | U8: yt | V8: Ib | W8: α | X8: T | Y8: L | Z8: αfm | AA8: H
A9: 1 | B9: 1 | C9: 1 | D9: =IF((MAX(B9:C9)/MIN(B9:C9))>2,"1D","2D") -> 2D | E9: =IF(D9="2D","N.A.",10) -> N.A. | F9: =IF(D9="1D",MIN(B9:C9),MAX(B9:C9)) -> 1 | G9: =MAX(B9:C9)/MIN(B9:C9) -> 1 | H9: =IF(D9="2d",(F9*(0.8+($D$6/14000)))/(36+9*G9),F9/E9) -> 0.024444444 | I9: Usar h = | J9: =MAX(0.12,ROUND(H9,2)) -> 0.12 | L9: 0.3 | M9: 0.6 | N9: =+F9*J9*J9*J9/12 -> 0.000144 | O9: =+IF(4*J9>=M9-J9,M9-J9,4*J9)*2+L9 -> 1.26 | P9: =+M9-(0.5*(((O9-L9)*J9*J9)+L9*M9*M9)/((O9-L9)*J9+L9*M9)) -> 0.39365854 | Q9: =+(O9-L9)*J9*J9*J9/12+L9*M9*M9*M9/12+(O9-L9)*J9*POWER(M9-J9*0.5-P9,2)+L9*M9*POWER(P9-0.5*M9,2) -> 0.0095842888 | R9: =+Q9/N9 -> 66.557561 | S9: =+F9*J9*J9*J9*0.5/12 -> 7.2e-05 | T9: =+IF(4*J9>=M9-J9,M9-J9,4*J9)+L9 -> 0.78 | U9: =+M9-(0.5*(((T9-L9)*J9*J9)+L9*M9*M9)/((T9-L9)*J9+L9*M9)) -> 0.35818182 | V9: =+(T9-L9)*J9*J9*J9/12+L9*M9*M9*M9/12+(T9-L9)*J9*POWER(M9-J9*0.5-U9,2)+L9*M9*POWER(U9-0.5*M9,2) -> 0.0079825745 | W9: =+V9/S9 -> 110.86909 | X9: 2 | Y9: 2 | Z9: =+(X9*R9+Y9*W9)/4 -> 88.713326 | AA9: =+(F9*(0.8+($D$6/14000)))/(36+5*((IF(Z9>2,2,Z9))-0.2)*G9) -> 0.024444444
A10: 2 | B10: 1 | C10: 1 | D10: =IF((MAX(B10:C10)/MIN(B10:C10))>2,"1D","2D") -> 2D | E10: =IF(D10="2D","N.A.",10) -> N.A. | F10: =IF(D10="1D",MIN(B10:C10),MAX(B10:C10)) -> 1 | G10: =MAX(B10:C10)/MIN(B10:C10) -> 1 | H10: =IF(D10="2d",(F10*(0.8+($D$6/14000)))/(36+9*G10),F10/E10) -> 0.024444444 | I10: Usar h = | J10: =MAX(0.12,ROUND(H10,2)) -> 0.12 | L10: 0.3 | M10: 0.6 | N10: =+F10*J10*J10*J10/12 -> 0.000144 | O10: =+IF(4*J10>=M10-J10,M10-J10,4*J10)*2+L10 -> 1.26 | P10: =+M10-(0.5*(((O10-L10)*J10*J10)+L10*M10*M10)/((O10-L10)*J10+L10*M10)) -> 0.39365854 | Q10: =+(O10-L10)*J10*J10*J10/12+L10*M10*M10*M10/12+(O10-L10)*J10*POWER(M10-J10*0.5-P10,2)+L10*M10*POWER(P10-0.5*M10,2) -> 0.0095842888 | R10: =+Q10/N10 -> 66.557561 | S10: =+F10*J10*J10*J10*0.5/12 -> 7.2e-05 | T10: =+IF(4*J10>=M10-J10,M10-J10,4*J10)+L10 -> 0.78 | U10: =+M10-(0.5*(((T10-L10)*J10*J10)+L10*M10*M10)/((T10-L10)*J10+L10*M10)) -> 0.35818182 | V10: =+(T10-L10)*J10*J10*J10/12+L10*M10*M10*M10/12+(T10-L10)*J10*POWER(M10-J10*0.5-U10,2)+L10*M10*POWER(U10-0.5*M10,2) -> 0.0079825745 | W10: =+V10/S10 -> 110.86909 | X10: 2 | Y10: 2 | Z10: =+(X10*R10+Y10*W10)/4 -> 88.713326 | AA10: =+(F10*(0.8+($D$6/14000)))/(36+5*((IF(Z10>2,2,Z10))-0.2)*G10) -> 0.024444444
A11: 3 | B11: 1 | C11: 1 | D11: =IF((MAX(B11:C11)/MIN(B11:C11))>2,"1D","2D") -> 2D | E11: =IF(D11="2D","N.A.",10) -> N.A. | F11: =IF(D11="1D",MIN(B11:C11),MAX(B11:C11)) -> 1 | G11: =MAX(B11:C11)/MIN(B11:C11) -> 1 | H11: =IF(D11="2d",(F11*(0.8+($D$6/14000)))/(36+9*G11),F11/E11) -> 0.024444444 | I11: Usar h = | J11: =MAX(0.12,ROUND(H11,2)) -> 0.12 | L11: 0.3 | M11: 0.6 | N11: =+F11*J11*J11*J11/12 -> 0.000144 | O11: =+IF(4*J11>=M11-J11,M11-J11,4*J11)*2+L11 -> 1.26 | P11: =+M11-(0.5*(((O11-L11)*J11*J11)+L11*M11*M11)/((O11-L11)*J11+L11*M11)) -> 0.39365854 | Q11: =+(O11-L11)*J11*J11*J11/12+L11*M11*M11*M11/12+(O11-L11)*J11*POWER(M11-J11*0.5-P11,2)+L11*M11*POWER(P11-0.5*M11,2) -> 0.0095842888 | R11: =+Q11/N11 -> 66.557561 | S11: =+F11*J11*J11*J11*0.5/12 -> 7.2e-05 | T11: =+IF(4*J11>=M11-J11,M11-J11,4*J11)+L11 -> 0.78 | U11: =+M11-(0.5*(((T11-L11)*J11*J11)+L11*M11*M11)/((T11-L11)*J11+L11*M11)) -> 0.35818182 | V11: =+(T11-L11)*J11*J11*J11/12+L11*M11*M11*M11/12+(T11-L11)*J11*POWER(M11-J11*0.5-U11,2)+L11*M11*POWER(U11-0.5*M11,2) -> 0.0079825745 | W11: =+V11/S11 -> 110.86909 | X11: 2 | Y11: 2 | Z11: =+(X11*R11+Y11*W11)/4 -> 88.713326 | AA11: =+(F11*(0.8+($D$6/14000)))/(36+5*((IF(Z11>2,2,Z11))-0.2)*G11) -> 0.024444444
A12: 4 | B12: 1 | C12: 1 | D12: =IF((MAX(B12:C12)/MIN(B12:C12))>2,"1D","2D") -> 2D | E12: =IF(D12="2D","N.A.",10) -> N.A. | F12: =IF(D12="1D",MIN(B12:C12),MAX(B12:C12)) -> 1 | G12: =MAX(B12:C12)/MIN(B12:C12) -> 1 | H12: =IF(D12="2d",(F12*(0.8+($D$6/14000)))/(36+9*G12),F12/E12) -> 0.024444444 | I12: Usar h = | J12: =MAX(0.12,ROUND(H12,2)) -> 0.12 | L12: 0.3 | M12: 0.6 | N12: =+F12*J12*J12*J12/12 -> 0.000144 | O12: =+IF(4*J12>=M12-J12,M12-J12,4*J12)*2+L12 -> 1.26 | P12: =+M12-(0.5*(((O12-L12)*J12*J12)+L12*M12*M12)/((O12-L12)*J12+L12*M12)) -> 0.39365854 | Q12: =+(O12-L12)*J12*J12*J12/12+L12*M12*M12*M12/12+(O12-L12)*J12*POWER(M12-J12*0.5-P12,2)+L12*M12*POWER(P12-0.5*M12,2) -> 0.0095842888 | R12: =+Q12/N12 -> 66.557561 | S12: =+F12*J12*J12*J12*0.5/12 -> 7.2e-05 | T12: =+IF(4*J12>=M12-J12,M12-J12,4*J12)+L12 -> 0.78 | U12: =+M12-(0.5*(((T12-L12)*J12*J12)+L12*M12*M12)/((T12-L12)*J12+L12*M12)) -> 0.35818182 | V12: =+(T12-L12)*J12*J12*J12/12+L12*M12*M12*M12/12+(T12-L12)*J12*POWER(M12-J12*0.5-U12,2)+L12*M12*POWER(U12-0.5*M12,2) -> 0.0079825745 | W12: =+V12/S12 -> 110.86909 | X12: 2 | Y12: 2 | Z12: =+(X12*R12+Y12*W12)/4 -> 88.713326 | AA12: =+(F12*(0.8+($D$6/14000)))/(36+5*((IF(Z12>2,2,Z12))-0.2)*G12) -> 0.024444444
A13: 5 | B13: 1 | C13: 1 | D13: =IF((MAX(B13:C13)/MIN(B13:C13))>2,"1D","2D") -> 2D | E13: =IF(D13="2D","N.A.",10) -> N.A. | F13: =IF(D13="1D",MIN(B13:C13),MAX(B13:C13)) -> 1 | G13: =MAX(B13:C13)/MIN(B13:C13) -> 1 | H13: =IF(D13="2d",(F13*(0.8+($D$6/14000)))/(36+9*G13),F13/E13) -> 0.024444444 | I13: Usar h = | J13: =MAX(0.12,ROUND(H13,2)) -> 0.12 | L13: 0.3 | M13: 0.6 | N13: =+F13*J13*J13*J13/12 -> 0.000144 | O13: =+IF(4*J13>=M13-J13,M13-J13,4*J13)*2+L13 -> 1.26 | P13: =+M13-(0.5*(((O13-L13)*J13*J13)+L13*M13*M13)/((O13-L13)*J13+L13*M13)) -> 0.39365854 | Q13: =+(O13-L13)*J13*J13*J13/12+L13*M13*M13*M13/12+(O13-L13)*J13*POWER(M13-J13*0.5-P13,2)+L13*M13*POWER(P13-0.5*M13,2) -> 0.0095842888 | R13: =+Q13/N13 -> 66.557561 | S13: =+F13*J13*J13*J13*0.5/12 -> 7.2e-05 | T13: =+IF(4*J13>=M13-J13,M13-J13,4*J13)+L13 -> 0.78 | U13: =+M13-(0.5*(((T13-L13)*J13*J13)+L13*M13*M13)/((T13-L13)*J13+L13*M13)) -> 0.35818182 | V13: =+(T13-L13)*J13*J13*J13/12+L13*M13*M13*M13/12+(T13-L13)*J13*POWER(M13-J13*0.5-U13,2)+L13*M13*POWER(U13-0.5*M13,2) -> 0.0079825745 | W13: =+V13/S13 -> 110.86909 | X13: 2 | Y13: 2 | Z13: =+(X13*R13+Y13*W13)/4 -> 88.713326 | AA13: =+(F13*(0.8+($D$6/14000)))/(36+5*((IF(Z13>2,2,Z13))-0.2)*G13) -> 0.024444444
A14: 6 | B14: 1 | C14: 1 | D14: =IF((MAX(B14:C14)/MIN(B14:C14))>2,"1D","2D") -> 2D | E14: =IF(D14="2D","N.A.",10) -> N.A. | F14: =IF(D14="1D",MIN(B14:C14),MAX(B14:C14)) -> 1 | G14: =MAX(B14:C14)/MIN(B14:C14) -> 1 | H14: =IF(D14="2d",(F14*(0.8+($D$6/14000)))/(36+9*G14),F14/E14) -> 0.024444444 | I14: Usar h = | J14: =MAX(0.12,ROUND(H14,2)) -> 0.12 | L14: 0.3 | M14: 0.6 | N14: =+F14*J14*J14*J14/12 -> 0.000144 | O14: =+IF(4*J14>=M14-J14,M14-J14,4*J14)*2+L14 -> 1.26 | P14: =+M14-(0.5*(((O14-L14)*J14*J14)+L14*M14*M14)/((O14-L14)*J14+L14*M14)) -> 0.39365854 | Q14: =+(O14-L14)*J14*J14*J14/12+L14*M14*M14*M14/12+(O14-L14)*J14*POWER(M14-J14*0.5-P14,2)+L14*M14*POWER(P14-0.5*M14,2) -> 0.0095842888 | R14: =+Q14/N14 -> 66.557561 | S14: =+F14*J14*J14*J14*0.5/12 -> 7.2e-05 | T14: =+IF(4*J14>=M14-J14,M14-J14,4*J14)+L14 -> 0.78 | U14: =+M14-(0.5*(((T14-L14)*J14*J14)+L14*M14*M14)/((T14-L14)*J14+L14*M14)) -> 0.35818182 | V14: =+(T14-L14)*J14*J14*J14/12+L14*M14*M14*M14/12+(T14-L14)*J14*POWER(M14-J14*0.5-U14,2)+L14*M14*POWER(U14-0.5*M14,2) -> 0.0079825745 | W14: =+V14/S14 -> 110.86909 | X14: 2 | Y14: 2 | Z14: =+(X14*R14+Y14*W14)/4 -> 88.713326 | AA14: =+(F14*(0.8+($D$6/14000)))/(36+5*((IF(Z14>2,2,Z14))-0.2)*G14) -> 0.024444444
A15: 7 | B15: 1 | C15: 1 | D15: =IF((MAX(B15:C15)/MIN(B15:C15))>2,"1D","2D") -> 2D | E15: =IF(D15="2D","N.A.",10) -> N.A. | F15: =IF(D15="1D",MIN(B15:C15),MAX(B15:C15)) -> 1 | G15: =MAX(B15:C15)/MIN(B15:C15) -> 1 | H15: =IF(D15="2d",(F15*(0.8+($D$6/14000)))/(36+9*G15),F15/E15) -> 0.024444444 | I15: Usar h = | J15: =MAX(0.12,ROUND(H15,2)) -> 0.12 | L15: 0.3 | M15: 0.6 | N15: =+F15*J15*J15*J15/12 -> 0.000144 | O15: =+IF(4*J15>=M15-J15,M15-J15,4*J15)*2+L15 -> 1.26 | P15: =+M15-(0.5*(((O15-L15)*J15*J15)+L15*M15*M15)/((O15-L15)*J15+L15*M15)) -> 0.39365854 | Q15: =+(O15-L15)*J15*J15*J15/12+L15*M15*M15*M15/12+(O15-L15)*J15*POWER(M15-J15*0.5-P15,2)+L15*M15*POWER(P15-0.5*M15,2) -> 0.0095842888 | R15: =+Q15/N15 -> 66.557561 | S15: =+F15*J15*J15*J15*0.5/12 -> 7.2e-05 | T15: =+IF(4*J15>=M15-J15,M15-J15,4*J15)+L15 -> 0.78 | U15: =+M15-(0.5*(((T15-L15)*J15*J15)+L15*M15*M15)/((T15-L15)*J15+L15*M15)) -> 0.35818182 | V15: =+(T15-L15)*J15*J15*J15/12+L15*M15*M15*M15/12+(T15-L15)*J15*POWER(M15-J15*0.5-U15,2)+L15*M15*POWER(U15-0.5*M15,2) -> 0.0079825745 | W15: =+V15/S15 -> 110.86909 | X15: 2 | Y15: 2 | Z15: =+(X15*R15+Y15*W15)/4 -> 88.713326 | AA15: =+(F15*(0.8+($D$6/14000)))/(36+5*((IF(Z15>2,2,Z15))-0.2)*G15) -> 0.024444444
A16: 8 | B16: 1 | C16: 1 | D16: =IF((MAX(B16:C16)/MIN(B16:C16))>2,"1D","2D") -> 2D | E16: =IF(D16="2D","N.A.",10) -> N.A. | F16: =IF(D16="1D",MIN(B16:C16),MAX(B16:C16)) -> 1 | G16: =MAX(B16:C16)/MIN(B16:C16) -> 1 | H16: =IF(D16="2d",(F16*(0.8+($D$6/14000)))/(36+9*G16),F16/E16) -> 0.024444444 | I16: Usar h = | J16: =MAX(0.12,ROUND(H16,2)) -> 0.12 | L16: 0.3 | M16: 0.6 | N16: =+F16*J16*J16*J16/12 -> 0.000144 | O16: =+IF(4*J16>=M16-J16,M16-J16,4*J16)*2+L16 -> 1.26 | P16: =+M16-(0.5*(((O16-L16)*J16*J16)+L16*M16*M16)/((O16-L16)*J16+L16*M16)) -> 0.39365854 | Q16: =+(O16-L16)*J16*J16*J16/12+L16*M16*M16*M16/12+(O16-L16)*J16*POWER(M16-J16*0.5-P16,2)+L16*M16*POWER(P16-0.5*M16,2) -> 0.0095842888 | R16: =+Q16/N16 -> 66.557561 | S16: =+F16*J16*J16*J16*0.5/12 -> 7.2e-05 | T16: =+IF(4*J16>=M16-J16,M16-J16,4*J16)+L16 -> 0.78 | U16: =+M16-(0.5*(((T16-L16)*J16*J16)+L16*M16*M16)/((T16-L16)*J16+L16*M16)) -> 0.35818182 | V16: =+(T16-L16)*J16*J16*J16/12+L16*M16*M16*M16/12+(T16-L16)*J16*POWER(M16-J16*0.5-U16,2)+L16*M16*POWER(U16-0.5*M16,2) -> 0.0079825745 | W16: =+V16/S16 -> 110.86909 | X16: 2 | Y16: 2 | Z16: =+(X16*R16+Y16*W16)/4 -> 88.713326 | AA16: =+(F16*(0.8+($D$6/14000)))/(36+5*((IF(Z16>2,2,Z16))-0.2)*G16) -> 0.024444444
A17: 9 | B17: 1 | C17: 1 | D17: =IF((MAX(B17:C17)/MIN(B17:C17))>2,"1D","2D") -> 2D | E17: =IF(D17="2D","N.A.",10) -> N.A. | F17: =IF(D17="1D",MIN(B17:C17),MAX(B17:C17)) -> 1 | G17: =MAX(B17:C17)/MIN(B17:C17) -> 1 | H17: =IF(D17="2d",(F17*(0.8+($D$6/14000)))/(36+9*G17),F17/E17) -> 0.024444444 | I17: Usar h = | J17: =MAX(0.12,ROUND(H17,2)) -> 0.12 | L17: 0.3 | M17: 0.6 | N17: =+F17*J17*J17*J17/12 -> 0.000144 | O17: =+IF(4*J17>=M17-J17,M17-J17,4*J17)*2+L17 -> 1.26 | P17: =+M17-(0.5*(((O17-L17)*J17*J17)+L17*M17*M17)/((O17-L17)*J17+L17*M17)) -> 0.39365854 | Q17: =+(O17-L17)*J17*J17*J17/12+L17*M17*M17*M17/12+(O17-L17)*J17*POWER(M17-J17*0.5-P17,2)+L17*M17*POWER(P17-0.5*M17,2) -> 0.0095842888 | R17: =+Q17/N17 -> 66.557561 | S17: =+F17*J17*J17*J17*0.5/12 -> 7.2e-05 | T17: =+IF(4*J17>=M17-J17,M17-J17,4*J17)+L17 -> 0.78 | U17: =+M17-(0.5*(((T17-L17)*J17*J17)+L17*M17*M17)/((T17-L17)*J17+L17*M17)) -> 0.35818182 | V17: =+(T17-L17)*J17*J17*J17/12+L17*M17*M17*M17/12+(T17-L17)*J17*POWER(M17-J17*0.5-U17,2)+L17*M17*POWER(U17-0.5*M17,2) -> 0.0079825745 | W17: =+V17/S17 -> 110.86909 | X17: 2 | Y17: 2 | Z17: =+(X17*R17+Y17*W17)/4 -> 88.713326 | AA17: =+(F17*(0.8+($D$6/14000)))/(36+5*((IF(Z17>2,2,Z17))-0.2)*G17) -> 0.024444444
A18: 10 | B18: 1 | C18: 1 | D18: =IF((MAX(B18:C18)/MIN(B18:C18))>2,"1D","2D") -> 2D | E18: =IF(D18="2D","N.A.",10) -> N.A. | F18: =IF(D18="1D",MIN(B18:C18),MAX(B18:C18)) -> 1 | G18: =MAX(B18:C18)/MIN(B18:C18) -> 1 | H18: =IF(D18="2d",(F18*(0.8+($D$6/14000)))/(36+9*G18),F18/E18) -> 0.024444444 | I18: Usar h = | J18: =MAX(0.12,ROUND(H18,2)) -> 0.12 | L18: 0.3 | M18: 0.6 | N18: =+F18*J18*J18*J18/12 -> 0.000144 | O18: =+IF(4*J18>=M18-J18,M18-J18,4*J18)*2+L18 -> 1.26 | P18: =+M18-(0.5*(((O18-L18)*J18*J18)+L18*M18*M18)/((O18-L18)*J18+L18*M18)) -> 0.39365854 | Q18: =+(O18-L18)*J18*J18*J18/12+L18*M18*M18*M18/12+(O18-L18)*J18*POWER(M18-J18*0.5-P18,2)+L18*M18*POWER(P18-0.5*M18,2) -> 0.0095842888 | R18: =+Q18/N18 -> 66.557561 | S18: =+F18*J18*J18*J18*0.5/12 -> 7.2e-05 | T18: =+IF(4*J18>=M18-J18,M18-J18,4*J18)+L18 -> 0.78 | U18: =+M18-(0.5*(((T18-L18)*J18*J18)+L18*M18*M18)/((T18-L18)*J18+L18*M18)) -> 0.35818182 | V18: =+(T18-L18)*J18*J18*J18/12+L18*M18*M18*M18/12+(T18-L18)*J18*POWER(M18-J18*0.5-U18,2)+L18*M18*POWER(U18-0.5*M18,2) -> 0.0079825745 | W18: =+V18/S18 -> 110.86909 | X18: 2 | Y18: 2 | Z18: =+(X18*R18+Y18*W18)/4 -> 88.713326 | AA18: =+(F18*(0.8+($D$6/14000)))/(36+5*((IF(Z18>2,2,Z18))-0.2)*G18) -> 0.024444444
A19: 11 | B19: 1 | C19: 1 | D19: =IF((MAX(B19:C19)/MIN(B19:C19))>2,"1D","2D") -> 2D | E19: =IF(D19="2D","N.A.",10) -> N.A. | F19: =IF(D19="1D",MIN(B19:C19),MAX(B19:C19)) -> 1 | G19: =MAX(B19:C19)/MIN(B19:C19) -> 1 | H19: =IF(D19="2d",(F19*(0.8+($D$6/14000)))/(36+9*G19),F19/E19) -> 0.024444444 | I19: Usar h = | J19: =MAX(0.12,ROUND(H19,2)) -> 0.12 | L19: 0.3 | M19: 0.6 | N19: =+F19*J19*J19*J19/12 -> 0.000144 | O19: =+IF(4*J19>=M19-J19,M19-J19,4*J19)*2+L19 -> 1.26 | P19: =+M19-(0.5*(((O19-L19)*J19*J19)+L19*M19*M19)/((O19-L19)*J19+L19*M19)) -> 0.39365854 | Q19: =+(O19-L19)*J19*J19*J19/12+L19*M19*M19*M19/12+(O19-L19)*J19*POWER(M19-J19*0.5-P19,2)+L19*M19*POWER(P19-0.5*M19,2) -> 0.0095842888 | R19: =+Q19/N19 -> 66.557561 | S19: =+F19*J19*J19*J19*0.5/12 -> 7.2e-05 | T19: =+IF(4*J19>=M19-J19,M19-J19,4*J19)+L19 -> 0.78 | U19: =+M19-(0.5*(((T19-L19)*J19*J19)+L19*M19*M19)/((T19-L19)*J19+L19*M19)) -> 0.35818182 | V19: =+(T19-L19)*J19*J19*J19/12+L19*M19*M19*M19/12+(T19-L19)*J19*POWER(M19-J19*0.5-U19,2)+L19*M19*POWER(U19-0.5*M19,2) -> 0.0079825745 | W19: =+V19/S19 -> 110.86909 | X19: 2 | Y19: 2 | Z19: =+(X19*R19+Y19*W19)/4 -> 88.713326 | AA19: =+(F19*(0.8+($D$6/14000)))/(36+5*((IF(Z19>2,2,Z19))-0.2)*G19) -> 0.024444444
A20: 12 | B20: 1 | C20: 1 | D20: =IF((MAX(B20:C20)/MIN(B20:C20))>2,"1D","2D") -> 2D | E20: =IF(D20="2D","N.A.",10) -> N.A. | F20: =IF(D20="1D",MIN(B20:C20),MAX(B20:C20)) -> 1 | G20: =MAX(B20:C20)/MIN(B20:C20) -> 1 | H20: =IF(D20="2d",(F20*(0.8+($D$6/14000)))/(36+9*G20),F20/E20) -> 0.024444444 | I20: Usar h = | J20: =MAX(0.12,ROUND(H20,2)) -> 0.12 | L20: 0.3 | M20: 0.6 | N20: =+F20*J20*J20*J20/12 -> 0.000144 | O20: =+IF(4*J20>=M20-J20,M20-J20,4*J20)*2+L20 -> 1.26 | P20: =+M20-(0.5*(((O20-L20)*J20*J20)+L20*M20*M20)/((O20-L20)*J20+L20*M20)) -> 0.39365854 | Q20: =+(O20-L20)*J20*J20*J20/12+L20*M20*M20*M20/12+(O20-L20)*J20*POWER(M20-J20*0.5-P20,2)+L20*M20*POWER(P20-0.5*M20,2) -> 0.0095842888 | R20: =+Q20/N20 -> 66.557561 | S20: =+F20*J20*J20*J20*0.5/12 -> 7.2e-05 | T20: =+IF(4*J20>=M20-J20,M20-J20,4*J20)+L20 -> 0.78 | U20: =+M20-(0.5*(((T20-L20)*J20*J20)+L20*M20*M20)/((T20-L20)*J20+L20*M20)) -> 0.35818182 | V20: =+(T20-L20)*J20*J20*J20/12+L20*M20*M20*M20/12+(T20-L20)*J20*POWER(M20-J20*0.5-U20,2)+L20*M20*POWER(U20-0.5*M20,2) -> 0.0079825745 | W20: =+V20/S20 -> 110.86909 | X20: 2 | Y20: 2 | Z20: =+(X20*R20+Y20*W20)/4 -> 88.713326 | AA20: =+(F20*(0.8+($D$6/14000)))/(36+5*((IF(Z20>2,2,Z20))-0.2)*G20) -> 0.024444444
... A58: 50 | B58: 1 | C58: 1 | D58: =IF((MAX(B58:C58)/MIN(B58:C58))>2,"1D","2D") -> 2D | E58: =IF(D58="2D","N.A.",10) -> N.A. | F58: =IF(D58="1D",MIN(B58:C58),MAX(B58:C58)) -> 1 | G58: =MAX(B58:C58)/MIN(B58:C58) -> 1 | H58: =IF(D58="2d",(F58*(0.8+($D$6/14000)))/(36+9*G58),F58/E58) -> 0.024444444 | I58: Usar h = | J58: =MAX(0.12,ROUND(H58,2)) -> 0.12 | L58: 0.3 | M58: 0.6 | N58: =+F58*J58*J58*J58/12 -> 0.000144 | O58: =+IF(4*J58>=M58-J58,M58-J58,4*J58)*2+L58 -> 1.26 | P58: =+M58-(0.5*(((O58-L58)*J58*J58)+L58*M58*M58)/((O58-L58)*J58+L58*M58)) -> 0.39365854 | Q58: =+(O58-L58)*J58*J58*J58/12+L58*M58*M58*M58/12+(O58-L58)*J58*POWER(M58-J58*0.5-P58,2)+L58*M58*POWER(P58-0.5*M58,2) -> 0.0095842888 | R58: =+Q58/N58 -> 66.557561 | S58: =+F58*J58*J58*J58*0.5/12 -> 7.2e-05 | T58: =+IF(4*J58>=M58-J58,M58-J58,4*J58)+L58 -> 0.78 | U58: =+M58-(0.5*(((T58-L58)*J58*J58)+L58*M58*M58)/((T58-L58)*J58+L58*M58)) -> 0.35818182 | V58: =+(T58-L58)*J58*J58*J58/12+L58*M58*M58*M58/12+(T58-L58)*J58*POWER(M58-J58*0.5-U58,2)+L58*M58*POWER(U58-0.5*M58,2) -> 0.0079825745 | W58: =+V58/S58 -> 110.86909 | X58: 2 | Y58: 2 | Z58: =+(X58*R58+Y58*W58)/4 -> 88.713326 | AA58: =+(F58*(0.8+($D$6/14000)))/(36+5*((IF(Z58>2,2,Z58))-0.2)*G58) -> 0.024444444

Sheet Espesor E5
AB1: {=_xlfn.TEXTAFTER(CELL("filename",S2),"]")} -> Espesor E5
B2: ='Espesor Earlette'!B2:D2 -> INGENIERO DEMO | E2: Proyecto: | G2: ='Espesor Earlette'!G2:I2 -> Proyecto Demo | J2: Pag. | AB2: =_xlfn.TEXTAFTER(AB1,"Espesor") -> E5 | AC2: =_xlfn.CONCAT(AB2," ","/") -> E5 /
B3: ='Espesor Earlette'!B3 -> INGENIERO CIVIL | E3: Fecha : | G3: ='Espesor Earlette'!G3:I3 -> 45904 | J3: 1
B4: CODIA: | C4: ='Espesor Earlette'!C4 -> 0 | E4: Desc. : | F4: =_xlfn.CONCAT("Espesor"," ","de"," ","Losas"," ",AB2) -> Espesor de Losas E5
A6: Cant. de Losas: | B6: =IF(COUNTIFS(C9:C58,"<>1", B9:B58,"<>1")=0, 50, COUNTIFS(C9:C58,"<>1", B9:B58,"<>1")) -> 50 | C6: Fy = | D6: 4200 | E6: Kg/cm²
N7: T | S7: L
A8: LOSA | B8: Lx | C8: Ly | D8: Cond. | E8: K | F8: Ln | G8: b | H8: h [cm] | L8: bw | M8: H | N8: Is | O8: B | P8: yt | Q8: Ib | R8: α | S8: Is | T8: B | U8: yt | V8: Ib | W8: α | X8: T | Y8: L | Z8: αfm | AA8: H
A9: 1 | B9: 1 | C9: 1 | D9: =IF((MAX(B9:C9)/MIN(B9:C9))>2,"1D","2D") -> 2D | E9: =IF(D9="2D","N.A.",10) -> N.A. | F9: =IF(D9="1D",MIN(B9:C9),MAX(B9:C9)) -> 1 | G9: =MAX(B9:C9)/MIN(B9:C9) -> 1 | H9: =IF(D9="2d",(F9*(0.8+($D$6/14000)))/(36+9*G9),F9/E9) -> 0.024444444 | I9: Usar h = | J9: =MAX(0.12,ROUND(H9,2)) -> 0.12 | L9: 0.3 | M9: 0.6 | N9: =+F9*J9*J9*J9/12 -> 0.000144 | O9: =+IF(4*J9>=M9-J9,M9-J9,4*J9)*2+L9 -> 1.26 | P9: =+M9-(0.5*(((O9-L9)*J9*J9)+L9*M9*M9)/((O9-L9)*J9+L9*M9)) -> 0.39365854 | Q9: =+(O9-L9)*J9*J9*J9/12+L9*M9*M9*M9/12+(O9-L9)*J9*POWER(M9-J9*0.5-P9,2)+L9*M9*POWER(P9-0.5*M9,2) -> 0.0095842888 | R9: =+Q9/N9 -> 66.557561 | S9: =+F9*J9*J9*J9*0.5/12 -> 7.2e-05 | T9: =+IF(4*J9>=M9-J9,M9-J9,4*J9)+L9 -> 0.78 | U9: =+M9-(0.5*(((T9-L9)*J9*J9)+L9*M9*M9)/((T9-L9)*J9+L9*M9)) -> 0.35818182 | V9: =+(T9-L9)*J9*J9*J9/12+L9*M9*M9*M9/12+(T9-L9)*J9*POWER(M9-J9*0.5-U9,2)+L9*M9*POWER(U9-0.5*M9,2) -> 0.0079825745 | W9: =+V9/S9 -> 110.86909 | X9: 2 | Y9: 2 | Z9: =+(X9*R9+Y9*W9)/4 -> 88.713326 | AA9: =+(F9*(0.8+($D$6/14000)))/(36+5*((IF(Z9>2,2,Z9))-0.2)*G9) -> 0.024444444
A10: 2 | B10: 1 | C10: 1 | D10: =IF((MAX(B10:C10)/MIN(B10:C10))>2,"1D","2D") -> 2D | E10: =IF(D10="2D","N.A.",10) -> N.A. | F10: =IF(D10="1D",MIN(B10:C10),MAX(B10:C10)) -> 1 | G10: =MAX(B10:C10)/MIN(B10:C10) -> 1 | H10: =IF(D10="2d",(F10*(0.8+($D$6/14000)))/(36+9*G10),F10/E10) -> 0.024444444 | I10: Usar h = | J10: =MAX(0.12,ROUND(H10,2)) -> 0.12 | L10: 0.3 | M10: 0.6 | N10: =+F10*J10*J10*J10/12 -> 0.000144 | O10: =+IF(4*J10>=M10-J10,M10-J10,4*J10)*2+L10 -> 1.26 | P10: =+M10-(0.5*(((O10-L10)*J10*J10)+L10*M10*M10)/((O10-L10)*J10+L10*M10)) -> 0.39365854 | Q10: =+(O10-L10)*J10*J10*J10/12+L10*M10*M10*M10/12+(O10-L10)*J10*POWER(M10-J10*0.5-P10,2)+L10*M10*POWER(P10-0.5*M10,2) -> 0.0095842888 | R10: =+Q10/N10 -> 66.557561 | S10: =+F10*J10*J10*J10*0.5/12 -> 7.2e-05 | T10: =+IF(4*J10>=M10-J10,M10-J10,4*J10)+L10 -> 0.78 | U10: =+M10-(0.5*(((T10-L10)*J10*J10)+L10*M10*M10)/((T10-L10)*J10+L10*M10)) -> 0.35818182 | V10: =+(T10-L10)*J10*J10*J10/12+L10*M10*M10*M10/12+(T10-L10)*J10*POWER(M10-J10*0.5-U10,2)+L10*M10*POWER(U10-0.5*M10,2) -> 0.0079825745 | W10: =+V10/S10 -> 110.86909 | X10: 2 | Y10: 2 | Z10: =+(X10*R10+Y10*W10)/4 -> 88.713326 | AA10: =+(F10*(0.8+($D$6/14000)))/(36+5*((IF(Z10>2,2,Z10))-0.2)*G10) -> 0.024444444
A11: 3 | B11: 1 | C11: 1 | D11: =IF((MAX(B11:C11)/MIN(B11:C11))>2,"1D","2D") -> 2D | E11: =IF(D11="2D","N.A.",10) -> N.A. | F11: =IF(D11="1D",MIN(B11:C11),MAX(B11:C11)) -> 1 | G11: =MAX(B11:C11)/MIN(B11:C11) -> 1 | H11: =IF(D11="2d",(F11*(0.8+($D$6/14000)))/(36+9*G11),F11/E11) -> 0.024444444 | I11: Usar h = | J11: =MAX(0.12,ROUND(H11,2)) -> 0.12 | L11: 0.3 | M11: 0.6 | N11: =+F11*J11*J11*J11/12 -> 0.000144 | O11: =+IF(4*J11>=M11-J11,M11-J11,4*J11)*2+L11 -> 1.26 | P11: =+M11-(0.5*(((O11-L11)*J11*J11)+L11*M11*M11)/((O11-L11)*J11+L11*M11)) -> 0.39365854 | Q11: =+(O11-L11)*J11*J11*J11/12+L11*M11*M11*M11/12+(O11-L11)*J11*POWER(M11-J11*0.5-P11,2)+L11*M11*POWER(P11-0.5*M11,2) -> 0.0095842888 | R11: =+Q11/N11 -> 66.557561 | S11: =+F11*J11*J11*J11*0.5/12 -> 7.2e-05 | T11: =+IF(4*J11>=M11-J11,M11-J11,4*J11)+L11 -> 0.78 | U11: =+M11-(0.5*(((T11-L11)*J11*J11)+L11*M11*M11)/((T11-L11)*J11+L11*M11)) -> 0.35818182 | V11: =+(T11-L11)*J11*J11*J11/12+L11*M11*M11*M11/12+(T11-L11)*J11*POWER(M11-J11*0.5-U11,2)+L11*M11*POWER(U11-0.5*M11,2) -> 0.0079825745 | W11: =+V11/S11 -> 110.86909 | X11: 2 | Y11: 2 | Z11: =+(X11*R11+Y11*W11)/4 -> 88.713326 | AA11: =+(F11*(0.8+($D$6/14000)))/(36+5*((IF(Z11>2,2,Z11))-0.2)*G11) -> 0.024444444
A12: 4 | B12: 1 | C12: 1 | D12: =IF((MAX(B12:C12)/MIN(B12:C12))>2,"1D","2D") -> 2D | E12: =IF(D12="2D","N.A.",10) -> N.A. | F12: =IF(D12="1D",MIN(B12:C12),MAX(B12:C12)) -> 1 | G12: =MAX(B12:C12)/MIN(B12:C12) -> 1 | H12: =IF(D12="2d",(F12*(0.8+($D$6/14000)))/(36+9*G12),F12/E12) -> 0.024444444 | I12: Usar h = | J12: =MAX(0.12,ROUND(H12,2)) -> 0.12 | L12: 0.3 | M12: 0.6 | N12: =+F12*J12*J12*J12/12 -> 0.000144 | O12: =+IF(4*J12>=M12-J12,M12-J12,4*J12)*2+L12 -> 1.26 | P12: =+M12-(0.5*(((O12-L12)*J12*J12)+L12*M12*M12)/((O12-L12)*J12+L12*M12)) -> 0.39365854 | Q12: =+(O12-L12)*J12*J12*J12/12+L12*M12*M12*M12/12+(O12-L12)*J12*POWER(M12-J12*0.5-P12,2)+L12*M12*POWER(P12-0.5*M12,2) -> 0.0095842888 | R12: =+Q12/N12 -> 66.557561 | S12: =+F12*J12*J12*J12*0.5/12 -> 7.2e-05 | T12: =+IF(4*J12>=M12-J12,M12-J12,4*J12)+L12 -> 0.78 | U12: =+M12-(0.5*(((T12-L12)*J12*J12)+L12*M12*M12)/((T12-L12)*J12+L12*M12)) -> 0.35818182 | V12: =+(T12-L12)*J12*J12*J12/12+L12*M12*M12*M12/12+(T12-L12)*J12*POWER(M12-J12*0.5-U12,2)+L12*M12*POWER(U12-0.5*M12,2) -> 0.0079825745 | W12: =+V12/S12 -> 110.86909 | X12: 2 | Y12: 2 | Z12: =+(X12*R12+Y12*W12)/4 -> 88.713326 | AA12: =+(F12*(0.8+($D$6/14000)))/(36+5*((IF(Z12>2,2,Z12))-0.2)*G12) -> 0.024444444
A13: 5 | B13: 1 | C13: 1 | D13: =IF((MAX(B13:C13)/MIN(B13:C13))>2,"1D","2D") -> 2D | E13: =IF(D13="2D","N.A.",10) -> N.A. | F13: =IF(D13="1D",MIN(B13:C13),MAX(B13:C13)) -> 1 | G13: =MAX(B13:C13)/MIN(B13:C13) -> 1 | H13: =IF(D13="2d",(F13*(0.8+($D$6/14000)))/(36+9*G13),F13/E13) -> 0.024444444 | I13: Usar h = | J13: =MAX(0.12,ROUND(H13,2)) -> 0.12 | L13: 0.3 | M13: 0.6 | N13: =+F13*J13*J13*J13/12 -> 0.000144 | O13: =+IF(4*J13>=M13-J13,M13-J13,4*J13)*2+L13 -> 1.26 | P13: =+M13-(0.5*(((O13-L13)*J13*J13)+L13*M13*M13)/((O13-L13)*J13+L13*M13)) -> 0.39365854 | Q13: =+(O13-L13)*J13*J13*J13/12+L13*M13*M13*M13/12+(O13-L13)*J13*POWER(M13-J13*0.5-P13,2)+L13*M13*POWER(P13-0.5*M13,2) -> 0.0095842888 | R13: =+Q13/N13 -> 66.557561 | S13: =+F13*J13*J13*J13*0.5/12 -> 7.2e-05 | T13: =+IF(4*J13>=M13-J13,M13-J13,4*J13)+L13 -> 0.78 | U13: =+M13-(0.5*(((T13-L13)*J13*J13)+L13*M13*M13)/((T13-L13)*J13+L13*M13)) -> 0.35818182 | V13: =+(T13-L13)*J13*J13*J13/12+L13*M13*M13*M13/12+(T13-L13)*J13*POWER(M13-J13*0.5-U13,2)+L13*M13*POWER(U13-0.5*M13,2) -> 0.0079825745 | W13: =+V13/S13 -> 110.86909 | X13: 2 | Y13: 2 | Z13: =+(X13*R13+Y13*W13)/4 -> 88.713326 | AA13: =+(F13*(0.8+($D$6/14000)))/(36+5*((IF(Z13>2,2,Z13))-0.2)*G13) -> 0.024444444
A14: 6 | B14: 1 | C14: 1 | D14: =IF((MAX(B14:C14)/MIN(B14:C14))>2,"1D","2D") -> 2D | E14: =IF(D14="2D","N.A.",10) -> N.A. | F14: =IF(D14="1D",MIN(B14:C14),MAX(B14:C14)) -> 1 | G14: =MAX(B14:C14)/MIN(B14:C14) -> 1 | H14: =IF(D14="2d",(F14*(0.8+($D$6/14000)))/(36+9*G14),F14/E14) -> 0.024444444 | I14: Usar h = | J14: =MAX(0.12,ROUND(H14,2)) -> 0.12 | L14: 0.3 | M14: 0.6 | N14: =+F14*J14*J14*J14/12 -> 0.000144 | O14: =+IF(4*J14>=M14-J14,M14-J14,4*J14)*2+L14 -> 1.26 | P14: =+M14-(0.5*(((O14-L14)*J14*J14)+L14*M14*M14)/((O14-L14)*J14+L14*M14)) -> 0.39365854 | Q14: =+(O14-L14)*J14*J14*J14/12+L14*M14*M14*M14/12+(O14-L14)*J14*POWER(M14-J14*0.5-P14,2)+L14*M14*POWER(P14-0.5*M14,2) -> 0.0095842888 | R14: =+Q14/N14 -> 66.557561 | S14: =+F14*J14*J14*J14*0.5/12 -> 7.2e-05 | T14: =+IF(4*J14>=M14-J14,M14-J14,4*J14)+L14 -> 0.78 | U14: =+M14-(0.5*(((T14-L14)*J14*J14)+L14*M14*M14)/((T14-L14)*J14+L14*M14)) -> 0.35818182 | V14: =+(T14-L14)*J14*J14*J14/12+L14*M14*M14*M14/12+(T14-L14)*J14*POWER(M14-J14*0.5-U14,2)+L14*M14*POWER(U14-0.5*M14,2) -> 0.0079825745 | W14: =+V14/S14 -> 110.86909 | X14: 2 | Y14: 2 | Z14: =+(X14*R14+Y14*W14)/4 -> 88.713326 | AA14: =+(F14*(0.8+($D$6/14000)))/(36+5*((IF(Z14>2,2,Z14))-0.2)*G14) -> 0.024444444
A15: 7 | B15: 1 | C15: 1 | D15: =IF((MAX(B15:C15)/MIN(B15:C15))>2,"1D","2D") -> 2D | E15: =IF(D15="2D","N.A.",10) -> N.A. | F15: =IF(D15="1D",MIN(B15:C15),MAX(B15:C15)) -> 1 | G15: =MAX(B15:C15)/MIN(B15:C15) -> 1 | H15: =IF(D15="2d",(F15*(0.8+($D$6/14000)))/(36+9*G15),F15/E15) -> 0.024444444 | I15: Usar h = | J15: =MAX(0.12,ROUND(H15,2)) -> 0.12 | L15: 0.3 | M15: 0.6 | N15: =+F15*J15*J15*J15/12 -> 0.000144 | O15: =+IF(4*J15>=M15-J15,M15-J15,4*J15)*2+L15 -> 1.26 | P15: =+M15-(0.5*(((O15-L15)*J15*J15)+L15*M15*M15)/((O15-L15)*J15+L15*M15)) -> 0.39365854 | Q15: =+(O15-L15)*J15*J15*J15/12+L15*M15*M15*M15/12+(O15-L15)*J15*POWER(M15-J15*0.5-P15,2)+L15*M15*POWER(P15-0.5*M15,2) -> 0.0095842888 | R15: =+Q15/N15 -> 66.557561 | S15: =+F15*J15*J15*J15*0.5/12 -> 7.2e-05 | T15: =+IF(4*J15>=M15-J15,M15-J15,4*J15)+L15 -> 0.78 | U15: =+M15-(0.5*(((T15-L15)*J15*J15)+L15*M15*M15)/((T15-L15)*J15+L15*M15)) -> 0.35818182 | V15: =+(T15-L15)*J15*J15*J15/12+L15*M15*M15*M15/12+(T15-L15)*J15*POWER(M15-J15*0.5-U15,2)+L15*M15*POWER(U15-0.5*M15,2) -> 0.0079825745 | W15: =+V15/S15 -> 110.86909 | X15: 2 | Y15: 2 | Z15: =+(X15*R15+Y15*W15)/4 -> 88.713326 | AA15: =+(F15*(0.8+($D$6/14000)))/(36+5*((IF(Z15>2,2,Z15))-0.2)*G15) -> 0.024444444
A16: 8 | B16: 1 | C16: 1 | D16: =IF((MAX(B16:C16)/MIN(B16:C16))>2,"1D","2D") -> 2D | E16: =IF(D16="2D","N.A.",10) -> N.A. | F16: =IF(D16="1D",MIN(B16:C16),MAX(B16:C16)) -> 1 | G16: =MAX(B16:C16)/MIN(B16:C16) -> 1 | H16: =IF(D16="2d",(F16*(0.8+($D$6/14000)))/(36+9*G16),F16/E16) -> 0.024444444 | I16: Usar h = | J16: =MAX(0.12,ROUND(H16,2)) -> 0.12 | L16: 0.3 | M16: 0.6 | N16: =+F16*J16*J16*J16/12 -> 0.000144 | O16: =+IF(4*J16>=M16-J16,M16-J16,4*J16)*2+L16 -> 1.26 | P16: =+M16-(0.5*(((O16-L16)*J16*J16)+L16*M16*M16)/((O16-L16)*J16+L16*M16)) -> 0.39365854 | Q16: =+(O16-L16)*J16*J16*J16/12+L16*M16*M16*M16/12+(O16-L16)*J16*POWER(M16-J16*0.5-P16,2)+L16*M16*POWER(P16-0.5*M16,2) -> 0.0095842888 | R16: =+Q16/N16 -> 66.557561 | S16: =+F16*J16*J16*J16*0.5/12 -> 7.2e-05 | T16: =+IF(4*J16>=M16-J16,M16-J16,4*J16)+L16 -> 0.78 | U16: =+M16-(0.5*(((T16-L16)*J16*J16)+L16*M16*M16)/((T16-L16)*J16+L16*M16)) -> 0.35818182 | V16: =+(T16-L16)*J16*J16*J16/12+L16*M16*M16*M16/12+(T16-L16)*J16*POWER(M16-J16*0.5-U16,2)+L16*M16*POWER(U16-0.5*M16,2) -> 0.0079825745 | W16: =+V16/S16 -> 110.86909 | X16: 2 | Y16: 2 | Z16: =+(X16*R16+Y16*W16)/4 -> 88.713326 | AA16: =+(F16*(0.8+($D$6/14000)))/(36+5*((IF(Z16>2,2,Z16))-0.2)*G16) -> 0.024444444
A17: 9 | B17: 1 | C17: 1 | D17: =IF((MAX(B17:C17)/MIN(B17:C17))>2,"1D","2D") -> 2D | E17: =IF(D17="2D","N.A.",10) -> N.A. | F17: =IF(D17="1D",MIN(B17:C17),MAX(B17:C17)) -> 1 | G17: =MAX(B17:C17)/MIN(B17:C17) -> 1 | H17: =IF(D17="2d",(F17*(0.8+($D$6/14000)))/(36+9*G17),F17/E17) -> 0.024444444 | I17: Usar h = | J17: =MAX(0.12,ROUND(H17,2)) -> 0.12 | L17: 0.3 | M17: 0.6 | N17: =+F17*J17*J17*J17/12 -> 0.000144 | O17: =+IF(4*J17>=M17-J17,M17-J17,4*J17)*2+L17 -> 1.26 | P17: =+M17-(0.5*(((O17-L17)*J17*J17)+L17*M17*M17)/((O17-L17)*J17+L17*M17)) -> 0.39365854 | Q17: =+(O17-L17)*J17*J17*J17/12+L17*M17*M17*M17/12+(O17-L17)*J17*POWER(M17-J17*0.5-P17,2)+L17*M17*POWER(P17-0.5*M17,2) -> 0.0095842888 | R17: =+Q17/N17 -> 66.557561 | S17: =+F17*J17*J17*J17*0.5/12 -> 7.2e-05 | T17: =+IF(4*J17>=M17-J17,M17-J17,4*J17)+L17 -> 0.78 | U17: =+M17-(0.5*(((T17-L17)*J17*J17)+L17*M17*M17)/((T17-L17)*J17+L17*M17)) -> 0.35818182 | V17: =+(T17-L17)*J17*J17*J17/12+L17*M17*M17*M17/12+(T17-L17)*J17*POWER(M17-J17*0.5-U17,2)+L17*M17*POWER(U17-0.5*M17,2) -> 0.0079825745 | W17: =+V17/S17 -> 110.86909 | X17: 2 | Y17: 2 | Z17: =+(X17*R17+Y17*W17)/4 -> 88.713326 | AA17: =+(F17*(0.8+($D$6/14000)))/(36+5*((IF(Z17>2,2,Z17))-0.2)*G17) -> 0.024444444
A18: 10 | B18: 1 | C18: 1 | D18: =IF((MAX(B18:C18)/MIN(B18:C18))>2,"1D","2D") -> 2D | E18: =IF(D18="2D","N.A.",10) -> N.A. | F18: =IF(D18="1D",MIN(B18:C18),MAX(B18:C18)) -> 1 | G18: =MAX(B18:C18)/MIN(B18:C18) -> 1 | H18: =IF(D18="2d",(F18*(0.8+($D$6/14000)))/(36+9*G18),F18/E18) -> 0.024444444 | I18: Usar h = | J18: =MAX(0.12,ROUND(H18,2)) -> 0.12 | L18: 0.3 | M18: 0.6 | N18: =+F18*J18*J18*J18/12 -> 0.000144 | O18: =+IF(4*J18>=M18-J18,M18-J18,4*J18)*2+L18 -> 1.26 | P18: =+M18-(0.5*(((O18-L18)*J18*J18)+L18*M18*M18)/((O18-L18)*J18+L18*M18)) -> 0.39365854 | Q18: =+(O18-L18)*J18*J18*J18/12+L18*M18*M18*M18/12+(O18-L18)*J18*POWER(M18-J18*0.5-P18,2)+L18*M18*POWER(P18-0.5*M18,2) -> 0.0095842888 | R18: =+Q18/N18 -> 66.557561 | S18: =+F18*J18*J18*J18*0.5/12 -> 7.2e-05 | T18: =+IF(4*J18>=M18-J18,M18-J18,4*J18)+L18 -> 0.78 | U18: =+M18-(0.5*(((T18-L18)*J18*J18)+L18*M18*M18)/((T18-L18)*J18+L18*M18)) -> 0.35818182 | V18: =+(T18-L18)*J18*J18*J18/12+L18*M18*M18*M18/12+(T18-L18)*J18*POWER(M18-J18*0.5-U18,2)+L18*M18*POWER(U18-0.5*M18,2) -> 0.0079825745 | W18: =+V18/S18 -> 110.86909 | X18: 2 | Y18: 2 | Z18: =+(X18*R18+Y18*W18)/4 -> 88.713326 | AA18: =+(F18*(0.8+($D$6/14000)))/(36+5*((IF(Z18>2,2,Z18))-0.2)*G18) -> 0.024444444
A19: 11 | B19: 1 | C19: 1 | D19: =IF((MAX(B19:C19)/MIN(B19:C19))>2,"1D","2D") -> 2D | E19: =IF(D19="2D","N.A.",10) -> N.A. | F19: =IF(D19="1D",MIN(B19:C19),MAX(B19:C19)) -> 1 | G19: =MAX(B19:C19)/MIN(B19:C19) -> 1 | H19: =IF(D19="2d",(F19*(0.8+($D$6/14000)))/(36+9*G19),F19/E19) -> 0.024444444 | I19: Usar h = | J19: =MAX(0.12,ROUND(H19,2)) -> 0.12 | L19: 0.3 | M19: 0.6 | N19: =+F19*J19*J19*J19/12 -> 0.000144 | O19: =+IF(4*J19>=M19-J19,M19-J19,4*J19)*2+L19 -> 1.26 | P19: =+M19-(0.5*(((O19-L19)*J19*J19)+L19*M19*M19)/((O19-L19)*J19+L19*M19)) -> 0.39365854 | Q19: =+(O19-L19)*J19*J19*J19/12+L19*M19*M19*M19/12+(O19-L19)*J19*POWER(M19-J19*0.5-P19,2)+L19*M19*POWER(P19-0.5*M19,2) -> 0.0095842888 | R19: =+Q19/N19 -> 66.557561 | S19: =+F19*J19*J19*J19*0.5/12 -> 7.2e-05 | T19: =+IF(4*J19>=M19-J19,M19-J19,4*J19)+L19 -> 0.78 | U19: =+M19-(0.5*(((T19-L19)*J19*J19)+L19*M19*M19)/((T19-L19)*J19+L19*M19)) -> 0.35818182 | V19: =+(T19-L19)*J19*J19*J19/12+L19*M19*M19*M19/12+(T19-L19)*J19*POWER(M19-J19*0.5-U19,2)+L19*M19*POWER(U19-0.5*M19,2) -> 0.0079825745 | W19: =+V19/S19 -> 110.86909 | X19: 2 | Y19: 2 | Z19: =+(X19*R19+Y19*W19)/4 -> 88.713326 | AA19: =+(F19*(0.8+($D$6/14000)))/(36+5*((IF(Z19>2,2,Z19))-0.2)*G19) -> 0.024444444
A20: 12 | B20: 1 | C20: 1 | D20: =IF((MAX(B20:C20)/MIN(B20:C20))>2,"1D","2D") -> 2D | E20: =IF(D20="2D","N.A.",10) -> N.A. | F20: =IF(D20="1D",MIN(B20:C20),MAX(B20:C20)) -> 1 | G20: =MAX(B20:C20)/MIN(B20:C20) -> 1 | H20: =IF(D20="2d",(F20*(0.8+($D$6/14000)))/(36+9*G20),F20/E20) -> 0.024444444 | I20: Usar h = | J20: =MAX(0.12,ROUND(H20,2)) -> 0.12 | L20: 0.3 | M20: 0.6 | N20: =+F20*J20*J20*J20/12 -> 0.000144 | O20: =+IF(4*J20>=M20-J20,M20-J20,4*J20)*2+L20 -> 1.26 | P20: =+M20-(0.5*(((O20-L20)*J20*J20)+L20*M20*M20)/((O20-L20)*J20+L20*M20)) -> 0.39365854 | Q20: =+(O20-L20)*J20*J20*J20/12+L20*M20*M20*M20/12+(O20-L20)*J20*POWER(M20-J20*0.5-P20,2)+L20*M20*POWER(P20-0.5*M20,2) -> 0.0095842888 | R20: =+Q20/N20 -> 66.557561 | S20: =+F20*J20*J20*J20*0.5/12 -> 7.2e-05 | T20: =+IF(4*J20>=M20-J20,M20-J20,4*J20)+L20 -> 0.78 | U20: =+M20-(0.5*(((T20-L20)*J20*J20)+L20*M20*M20)/((T20-L20)*J20+L20*M20)) -> 0.35818182 | V20: =+(T20-L20)*J20*J20*J20/12+L20*M20*M20*M20/12+(T20-L20)*J20*POWER(M20-J20*0.5-U20,2)+L20*M20*POWER(U20-0.5*M20,2) -> 0.0079825745 | W20: =+V20/S20 -> 110.86909 | X20: 2 | Y20: 2 | Z20: =+(X20*R20+Y20*W20)/4 -> 88.713326 | AA20: =+(F20*(0.8+($D$6/14000)))/(36+5*((IF(Z20>2,2,Z20))-0.2)*G20) -> 0.024444444
... A58: 50 | B58: 1 | C58: 1 | D58: =IF((MAX(B58:C58)/MIN(B58:C58))>2,"1D","2D") -> 2D | E58: =IF(D58="2D","N.A.",10) -> N.A. | F58: =IF(D58="1D",MIN(B58:C58),MAX(B58:C58)) -> 1 | G58: =MAX(B58:C58)/MIN(B58:C58) -> 1 | H58: =IF(D58="2d",(F58*(0.8+($D$6/14000)))/(36+9*G58),F58/E58) -> 0.024444444 | I58: Usar h = | J58: =MAX(0.12,ROUND(H58,2)) -> 0.12 | L58: 0.3 | M58: 0.6 | N58: =+F58*J58*J58*J58/12 -> 0.000144 | O58: =+IF(4*J58>=M58-J58,M58-J58,4*J58)*2+L58 -> 1.26 | P58: =+M58-(0.5*(((O58-L58)*J58*J58)+L58*M58*M58)/((O58-L58)*J58+L58*M58)) -> 0.39365854 | Q58: =+(O58-L58)*J58*J58*J58/12+L58*M58*M58*M58/12+(O58-L58)*J58*POWER(M58-J58*0.5-P58,2)+L58*M58*POWER(P58-0.5*M58,2) -> 0.0095842888 | R58: =+Q58/N58 -> 66.557561 | S58: =+F58*J58*J58*J58*0.5/12 -> 7.2e-05 | T58: =+IF(4*J58>=M58-J58,M58-J58,4*J58)+L58 -> 0.78 | U58: =+M58-(0.5*(((T58-L58)*J58*J58)+L58*M58*M58)/((T58-L58)*J58+L58*M58)) -> 0.35818182 | V58: =+(T58-L58)*J58*J58*J58/12+L58*M58*M58*M58/12+(T58-L58)*J58*POWER(M58-J58*0.5-U58,2)+L58*M58*POWER(U58-0.5*M58,2) -> 0.0079825745 | W58: =+V58/S58 -> 110.86909 | X58: 2 | Y58: 2 | Z58: =+(X58*R58+Y58*W58)/4 -> 88.713326 | AA58: =+(F58*(0.8+($D$6/14000)))/(36+5*((IF(Z58>2,2,Z58))-0.2)*G58) -> 0.024444444

Sheet Espesor Techo
AB1: {=_xlfn.TEXTAFTER(CELL("filename",S2),"]")} -> Espesor Techo
B2: ='Espesor Earlette'!B2:D2 -> INGENIERO DEMO | E2: Proyecto: | G2: ='Espesor Earlette'!G2:I2 -> Proyecto Demo | J2: Pag. | AB2: =_xlfn.TEXTAFTER(AB1,"Espesor") -> Techo | AC2: =_xlfn.CONCAT(AB2," ","/") -> Techo /
C3: ='Espesor Earlette'!B3 -> INGENIERO CIVIL | E3: Fecha : | G3: ='Espesor Earlette'!G3:I3 -> 45904 | J3: 1
B4: CODIA: | C4: ='Espesor Earlette'!C4 -> 0 | E4: Desc. : | F4: =_xlfn.CONCAT("Espesor"," ","de"," ","Losas"," ",AB2) -> Espesor de Losas Techo
A6: Cant. de Losas: | B6: =IF(COUNTIFS(C9:C58,"<>1", B9:B58,"<>1")=0, 50, COUNTIFS(C9:C58,"<>1", B9:B58,"<>1")) -> 50 | C6: Fy = | D6: 4200 | E6: Kg/cm²
N7: T | S7: L
A8: LOSA | B8: Lx | C8: Ly | D8: Cond. | E8: K | F8: Ln | G8: b | H8: h [cm] | L8: bw | M8: H | N8: Is | O8: B | P8: yt | Q8: Ib | R8: α | S8: Is | T8: B | U8: yt | V8: Ib | W8: α | X8: T | Y8: L | Z8: αfm | AA8: H
A9: 1 | B9: 1 | C9: 1 | D9: =IF((MAX(B9:C9)/MIN(B9:C9))>2,"1D","2D") -> 2D | E9: =IF(D9="2D","N.A.",10) -> N.A. | F9: =IF(D9="1D",MIN(B9:C9),MAX(B9:C9)) -> 1 | G9: =MAX(B9:C9)/MIN(B9:C9) -> 1 | H9: =IF(D9="2d",(F9*(0.8+($D$6/14000)))/(36+9*G9),F9/E9) -> 0.024444444 | I9: Usar h = | J9: =MAX(0.12,ROUND(H9,2)) -> 0.12 | L9: 0.3 | M9: 0.6 | N9: =+F9*J9*J9*J9/12 -> 0.000144 | O9: =+IF(4*J9>=M9-J9,M9-J9,4*J9)*2+L9 -> 1.26 | P9: =+M9-(0.5*(((O9-L9)*J9*J9)+L9*M9*M9)/((O9-L9)*J9+L9*M9)) -> 0.39365854 | Q9: =+(O9-L9)*J9*J9*J9/12+L9*M9*M9*M9/12+(O9-L9)*J9*POWER(M9-J9*0.5-P9,2)+L9*M9*POWER(P9-0.5*M9,2) -> 0.0095842888 | R9: =+Q9/N9 -> 66.557561 | S9: =+F9*J9*J9*J9*0.5/12 -> 7.2e-05 | T9: =+IF(4*J9>=M9-J9,M9-J9,4*J9)+L9 -> 0.78 | U9: =+M9-(0.5*(((T9-L9)*J9*J9)+L9*M9*M9)/((T9-L9)*J9+L9*M9)) -> 0.35818182 | V9: =+(T9-L9)*J9*J9*J9/12+L9*M9*M9*M9/12+(T9-L9)*J9*POWER(M9-J9*0.5-U9,2)+L9*M9*POWER(U9-0.5*M9,2) -> 0.0079825745 | W9: =+V9/S9 -> 110.86909 | X9: 2 | Y9: 2 | Z9: =+(X9*R9+Y9*W9)/4 -> 88.713326 | AA9: =+(F9*(0.8+($D$6/14000)))/(36+5*((IF(Z9>2,2,Z9))-0.2)*G9) -> 0.024444444
A10: 2 | B10: 1 | C10: 1 | D10: =IF((MAX(B10:C10)/MIN(B10:C10))>2,"1D","2D") -> 2D | E10: =IF(D10="2D","N.A.",10) -> N.A. | F10: =IF(D10="1D",MIN(B10:C10),MAX(B10:C10)) -> 1 | G10: =MAX(B10:C10)/MIN(B10:C10) -> 1 | H10: =IF(D10="2d",(F10*(0.8+($D$6/14000)))/(36+9*G10),F10/E10) -> 0.024444444 | I10: Usar h = | J10: =MAX(0.12,ROUND(H10,2)) -> 0.12 | L10: 0.3 | M10: 0.6 | N10: =+F10*J10*J10*J10/12 -> 0.000144 | O10: =+IF(4*J10>=M10-J10,M10-J10,4*J10)*2+L10 -> 1.26 | P10: =+M10-(0.5*(((O10-L10)*J10*J10)+L10*M10*M10)/((O10-L10)*J10+L10*M10)) -> 0.39365854 | Q10: =+(O10-L10)*J10*J10*J10/12+L10*M10*M10*M10/12+(O10-L10)*J10*POWER(M10-J10*0.5-P10,2)+L10*M10*POWER(P10-0.5*M10,2) -> 0.0095842888 | R10: =+Q10/N10 -> 66.557561 | S10: =+F10*J10*J10*J10*0.5/12 -> 7.2e-05 | T10: =+IF(4*J10>=M10-J10,M10-J10,4*J10)+L10 -> 0.78 | U10: =+M10-(0.5*(((T10-L10)*J10*J10)+L10*M10*M10)/((T10-L10)*J10+L10*M10)) -> 0.35818182 | V10: =+(T10-L10)*J10*J10*J10/12+L10*M10*M10*M10/12+(T10-L10)*J10*POWER(M10-J10*0.5-U10,2)+L10*M10*POWER(U10-0.5*M10,2) -> 0.0079825745 | W10: =+V10/S10 -> 110.86909 | X10: 2 | Y10: 2 | Z10: =+(X10*R10+Y10*W10)/4 -> 88.713326 | AA10: =+(F10*(0.8+($D$6/14000)))/(36+5*((IF(Z10>2,2,Z10))-0.2)*G10) -> 0.024444444
A11: 3 | B11: 1 | C11: 1 | D11: =IF((MAX(B11:C11)/MIN(B11:C11))>2,"1D","2D") -> 2D | E11: =IF(D11="2D","N.A.",10) -> N.A. | F11: =IF(D11="1D",MIN(B11:C11),MAX(B11:C11)) -> 1 | G11: =MAX(B11:C11)/MIN(B11:C11) -> 1 | H11: =IF(D11="2d",(F11*(0.8+($D$6/14000)))/(36+9*G11),F11/E11) -> 0.024444444 | I11: Usar h = | J11: =MAX(0.12,ROUND(H11,2)) -> 0.12 | L11: 0.3 | M11: 0.6 | N11: =+F11*J11*J11*J11/12 -> 0.000144 | O11: =+IF(4*J11>=M11-J11,M11-J11,4*J11)*2+L11 -> 1.26 | P11: =+M11-(0.5*(((O11-L11)*J11*J11)+L11*M11*M11)/((O11-L11)*J11+L11*M11)) -> 0.39365854 | Q11: =+(O11-L11)*J11*J11*J11/12+L11*M11*M11*M11/12+(O11-L11)*J11*POWER(M11-J11*0.5-P11,2)+L11*M11*POWER(P11-0.5*M11,2) -> 0.0095842888 | R11: =+Q11/N11 -> 66.557561 | S11: =+F11*J11*J11*J11*0.5/12 -> 7.2e-05 | T11: =+IF(4*J11>=M11-J11,M11-J11,4*J11)+L11 -> 0.78 | U11: =+M11-(0.5*(((T11-L11)*J11*J11)+L11*M11*M11)/((T11-L11)*J11+L11*M11)) -> 0.35818182 | V11: =+(T11-L11)*J11*J11*J11/12+L11*M11*M11*M11/12+(T11-L11)*J11*POWER(M11-J11*0.5-U11,2)+L11*M11*POWER(U11-0.5*M11,2) -> 0.0079825745 | W11: =+V11/S11 -> 110.86909 | X11: 2 | Y11: 2 | Z11: =+(X11*R11+Y11*W11)/4 -> 88.713326 | AA11: =+(F11*(0.8+($D$6/14000)))/(36+5*((IF(Z11>2,2,Z11))-0.2)*G11) -> 0.024444444
A12: 4 | B12: 1 | C12: 1 | D12: =IF((MAX(B12:C12)/MIN(B12:C12))>2,"1D","2D") -> 2D | E12: =IF(D12="2D","N.A.",10) -> N.A. | F12: =IF(D12="1D",MIN(B12:C12),MAX(B12:C12)) -> 1 | G12: =MAX(B12:C12)/MIN(B12:C12) -> 1 | H12: =IF(D12="2d",(F12*(0.8+($D$6/14000)))/(36+9*G12),F12/E12) -> 0.024444444 | I12: Usar h = | J12: =MAX(0.12,ROUND(H12,2)) -> 0.12 | L12: 0.3 | M12: 0.6 | N12: =+F12*J12*J12*J12/12 -> 0.000144 | O12: =+IF(4*J12>=M12-J12,M12-J12,4*J12)*2+L12 -> 1.26 | P12: =+M12-(0.5*(((O12-L12)*J12*J12)+L12*M12*M12)/((O12-L12)*J12+L12*M12)) -> 0.39365854 | Q12: =+(O12-L12)*J12*J12*J12/12+L12*M12*M12*M12/12+(O12-L12)*J12*POWER(M12-J12*0.5-P12,2)+L12*M12*POWER(P12-0.5*M12,2) -> 0.0095842888 | R12: =+Q12/N12 -> 66.557561 | S12: =+F12*J12*J12*J12*0.5/12 -> 7.2e-05 | T12: =+IF(4*J12>=M12-J12,M12-J12,4*J12)+L12 -> 0.78 | U12: =+M12-(0.5*(((T12-L12)*J12*J12)+L12*M12*M12)/((T12-L12)*J12+L12*M12)) -> 0.35818182 | V12: =+(T12-L12)*J12*J12*J12/12+L12*M12*M12*M12/12+(T12-L12)*J12*POWER(M12-J12*0.5-U12,2)+L12*M12*POWER(U12-0.5*M12,2) -> 0.0079825745 | W12: =+V12/S12 -> 110.86909 | X12: 2 | Y12: 2 | Z12: =+(X12*R12+Y12*W12)/4 -> 88.713326 | AA12: =+(F12*(0.8+($D$6/14000)))/(36+5*((IF(Z12>2,2,Z12))-0.2)*G12) -> 0.024444444
A13: 5 | B13: 1 | C13: 1 | D13: =IF((MAX(B13:C13)/MIN(B13:C13))>2,"1D","2D") -> 2D | E13: =IF(D13="2D","N.A.",10) -> N.A. | F13: =IF(D13="1D",MIN(B13:C13),MAX(B13:C13)) -> 1 | G13: =MAX(B13:C13)/MIN(B13:C13) -> 1 | H13: =IF(D13="2d",(F13*(0.8+($D$6/14000)))/(36+9*G13),F13/E13) -> 0.024444444 | I13: Usar h = | J13: =MAX(0.12,ROUND(H13,2)) -> 0.12 | L13: 0.3 | M13: 0.6 | N13: =+F13*J13*J13*J13/12 -> 0.000144 | O13: =+IF(4*J13>=M13-J13,M13-J13,4*J13)*2+L13 -> 1.26 | P13: =+M13-(0.5*(((O13-L13)*J13*J13)+L13*M13*M13)/((O13-L13)*J13+L13*M13)) -> 0.39365854 | Q13: =+(O13-L13)*J13*J13*J13/12+L13*M13*M13*M13/12+(O13-L13)*J13*POWER(M13-J13*0.5-P13,2)+L13*M13*POWER(P13-0.5*M13,2) -> 0.0095842888 | R13: =+Q13/N13 -> 66.557561 | S13: =+F13*J13*J13*J13*0.5/12 -> 7.2e-05 | T13: =+IF(4*J13>=M13-J13,M13-J13,4*J13)+L13 -> 0.78 | U13: =+M13-(0.5*(((T13-L13)*J13*J13)+L13*M13*M13)/((T13-L13)*J13+L13*M13)) -> 0.35818182 | V13: =+(T13-L13)*J13*J13*J13/12+L13*M13*M13*M13/12+(T13-L13)*J13*POWER(M13-J13*0.5-U13,2)+L13*M13*POWER(U13-0.5*M13,2) -> 0.0079825745 | W13: =+V13/S13 -> 110.86909 | X13: 2 | Y13: 2 | Z13: =+(X13*R13+Y13*W13)/4 -> 88.713326 | AA13: =+(F13*(0.8+($D$6/14000)))/(36+5*((IF(Z13>2,2,Z13))-0.2)*G13) -> 0.024444444
A14: 6 | B14: 1 | C14: 1 | D14: =IF((MAX(B14:C14)/MIN(B14:C14))>2,"1D","2D") -> 2D | E14: =IF(D14="2D","N.A.",10) -> N.A. | F14: =IF(D14="1D",MIN(B14:C14),MAX(B14:C14)) -> 1 | G14: =MAX(B14:C14)/MIN(B14:C14) -> 1 | H14: =IF(D14="2d",(F14*(0.8+($D$6/14000)))/(36+9*G14),F14/E14) -> 0.024444444 | I14: Usar h = | J14: =MAX(0.12,ROUND(H14,2)) -> 0.12 | L14: 0.3 | M14: 0.6 | N14: =+F14*J14*J14*J14/12 -> 0.000144 | O14: =+IF(4*J14>=M14-J14,M14-J14,4*J14)*2+L14 -> 1.26 | P14: =+M14-(0.5*(((O14-L14)*J14*J14)+L14*M14*M14)/((O14-L14)*J14+L14*M14)) -> 0.39365854 | Q14: =+(O14-L14)*J14*J14*J14/12+L14*M14*M14*M14/12+(O14-L14)*J14*POWER(M14-J14*0.5-P14,2)+L14*M14*POWER(P14-0.5*M14,2) -> 0.0095842888 | R14: =+Q14/N14 -> 66.557561 | S14: =+F14*J14*J14*J14*0.5/12 -> 7.2e-05 | T14: =+IF(4*J14>=M14-J14,M14-J14,4*J14)+L14 -> 0.78 | U14: =+M14-(0.5*(((T14-L14)*J14*J14)+L14*M14*M14)/((T14-L14)*J14+L14*M14)) -> 0.35818182 | V14: =+(T14-L14)*J14*J14*J14/12+L14*M14*M14*M14/12+(T14-L14)*J14*POWER(M14-J14*0.5-U14,2)+L14*M14*POWER(U14-0.5*M14,2) -> 0.0079825745 | W14: =+V14/S14 -> 110.86909 | X14: 2 | Y14: 2 | Z14: =+(X14*R14+Y14*W14)/4 -> 88.713326 | AA14: =+(F14*(0.8+($D$6/14000)))/(36+5*((IF(Z14>2,2,Z14))-0.2)*G14) -> 0.024444444
A15: 7 | B15: 1 | C15: 1 | D15: =IF((MAX(B15:C15)/MIN(B15:C15))>2,"1D","2D") -> 2D | E15: =IF(D15="2D","N.A.",10) -> N.A. | F15: =IF(D15="1D",MIN(B15:C15),MAX(B15:C15)) -> 1 | G15: =MAX(B15:C15)/MIN(B15:C15) -> 1 | H15: =IF(D15="2d",(F15*(0.8+($D$6/14000)))/(36+9*G15),F15/E15) -> 0.024444444 | I15: Usar h = | J15: =MAX(0.12,ROUND(H15,2)) -> 0.12 | L15: 0.3 | M15: 0.6 | N15: =+F15*J15*J15*J15/12 -> 0.000144 | O15: =+IF(4*J15>=M15-J15,M15-J15,4*J15)*2+L15 -> 1.26 | P15: =+M15-(0.5*(((O15-L15)*J15*J15)+L15*M15*M15)/((O15-L15)*J15+L15*M15)) -> 0.39365854 | Q15: =+(O15-L15)*J15*J15*J15/12+L15*M15*M15*M15/12+(O15-L15)*J15*POWER(M15-J15*0.5-P15,2)+L15*M15*POWER(P15-0.5*M15,2) -> 0.0095842888 | R15: =+Q15/N15 -> 66.557561 | S15: =+F15*J15*J15*J15*0.5/12 -> 7.2e-05 | T15: =+IF(4*J15>=M15-J15,M15-J15,4*J15)+L15 -> 0.78 | U15: =+M15-(0.5*(((T15-L15)*J15*J15)+L15*M15*M15)/((T15-L15)*J15+L15*M15)) -> 0.35818182 | V15: =+(T15-L15)*J15*J15*J15/12+L15*M15*M15*M15/12+(T15-L15)*J15*POWER(M15-J15*0.5-U15,2)+L15*M15*POWER(U15-0.5*M15,2) -> 0.0079825745 | W15: =+V15/S15 -> 110.86909 | X15: 2 | Y15: 2 | Z15: =+(X15*R15+Y15*W15)/4 -> 88.713326 | AA15: =+(F15*(0.8+($D$6/14000)))/(36+5*((IF(Z15>2,2,Z15))-0.2)*G15) -> 0.024444444
A16: 8 | B16: 1 | C16: 1 | D16: =IF((MAX(B16:C16)/MIN(B16:C16))>2,"1D","2D") -> 2D | E16: =IF(D16="2D","N.A.",10) -> N.A. | F16: =IF(D16="1D",MIN(B16:C16),MAX(B16:C16)) -> 1 | G16: =MAX(B16:C16)/MIN(B16:C16) -> 1 | H16: =IF(D16="2d",(F16*(0.8+($D$6/14000)))/(36+9*G16),F16/E16) -> 0.024444444 | I16: Usar h = | J16: =MAX(0.12,ROUND(H16,2)) -> 0.12 | L16: 0.3 | M16: 0.6 | N16: =+F16*J16*J16*J16/12 -> 0.000144 | O16: =+IF(4*J16>=M16-J16,M16-J16,4*J16)*2+L16 -> 1.26 | P16: =+M16-(0.5*(((O16-L16)*J16*J16)+L16*M16*M16)/((O16-L16)*J16+L16*M16)) -> 0.39365854 | Q16: =+(O16-L16)*J16*J16*J16/12+L16*M16*M16*M16/12+(O16-L16)*J16*POWER(M16-J16*0.5-P16,2)+L16*M16*POWER(P16-0.5*M16,2) -> 0.0095842888 | R16: =+Q16/N16 -> 66.557561 | S16: =+F16*J16*J16*J16*0.5/12 -> 7.2e-05 | T16: =+IF(4*J16>=M16-J16,M16-J16,4*J16)+L16 -> 0.78 | U16: =+M16-(0.5*(((T16-L16)*J16*J16)+L16*M16*M16)/((T16-L16)*J16+L16*M16)) -> 0.35818182 | V16: =+(T16-L16)*J16*J16*J16/12+L16*M16*M16*M16/12+(T16-L16)*J16*POWER(M16-J16*0.5-U16,2)+L16*M16*POWER(U16-0.5*M16,2) -> 0.0079825745 | W16: =+V16/S16 -> 110.86909 | X16: 2 | Y16: 2 | Z16: =+(X16*R16+Y16*W16)/4 -> 88.713326 | AA16: =+(F16*(0.8+($D$6/14000)))/(36+5*((IF(Z16>2,2,Z16))-0.2)*G16) -> 0.024444444
A17: 9 | B17: 1 | C17: 1 | D17: =IF((MAX(B17:C17)/MIN(B17:C17))>2,"1D","2D") -> 2D | E17: =IF(D17="2D","N.A.",10) -> N.A. | F17: =IF(D17="1D",MIN(B17:C17),MAX(B17:C17)) -> 1 | G17: =MAX(B17:C17)/MIN(B17:C17) -> 1 | H17: =IF(D17="2d",(F17*(0.8+($D$6/14000)))/(36+9*G17),F17/E17) -> 0.024444444 | I17: Usar h = | J17: =MAX(0.12,ROUND(H17,2)) -> 0.12 | L17: 0.3 | M17: 0.6 | N17: =+F17*J17*J17*J17/12 -> 0.000144 | O17: =+IF(4*J17>=M17-J17,M17-J17,4*J17)*2+L17 -> 1.26 | P17: =+M17-(0.5*(((O17-L17)*J17*J17)+L17*M17*M17)/((O17-L17)*J17+L17*M17)) -> 0.39365854 | Q17: =+(O17-L17)*J17*J17*J17/12+L17*M17*M17*M17/12+(O17-L17)*J17*POWER(M17-J17*0.5-P17,2)+L17*M17*POWER(P17-0.5*M17,2) -> 0.0095842888 | R17: =+Q17/N17 -> 66.557561 | S17: =+F17*J17*J17*J17*0.5/12 -> 7.2e-05 | T17: =+IF(4*J17>=M17-J17,M17-J17,4*J17)+L17 -> 0.78 | U17: =+M17-(0.5*(((T17-L17)*J17*J17)+L17*M17*M17)/((T17-L17)*J17+L17*M17)) -> 0.35818182 | V17: =+(T17-L17)*J17*J17*J17/12+L17*M17*M17*M17/12+(T17-L17)*J17*POWER(M17-J17*0.5-U17,2)+L17*M17*POWER(U17-0.5*M17,2) -> 0.0079825745 | W17: =+V17/S17 -> 110.86909 | X17: 2 | Y17: 2 | Z17: =+(X17*R17+Y17*W17)/4 -> 88.713326 | AA17: =+(F17*(0.8+($D$6/14000)))/(36+5*((IF(Z17>2,2,Z17))-0.2)*G17) -> 0.024444444
A18: 10 | B18: 1 | C18: 1 | D18: =IF((MAX(B18:C18)/MIN(B18:C18))>2,"1D","2D") -> 2D | E18: =IF(D18="2D","N.A.",10) -> N.A. | F18: =IF(D18="1D",MIN(B18:C18),MAX(B18:C18)) -> 1 | G18: =MAX(B18:C18)/MIN(B18:C18) -> 1 | H18: =IF(D18="2d",(F18*(0.8+($D$6/14000)))/(36+9*G18),F18/E18) -> 0.024444444 | I18: Usar h = | J18: =MAX(0.12,ROUND(H18,2)) -> 0.12 | L18: 0.3 | M18: 0.6 | N18: =+F18*J18*J18*J18/12 -> 0.000144 | O18: =+IF(4*J18>=M18-J18,M18-J18,4*J18)*2+L18 -> 1.26 | P18: =+M18-(0.5*(((O18-L18)*J18*J18)+L18*M18*M18)/((O18-L18)*J18+L18*M18)) -> 0.39365854 | Q18: =+(O18-L18)*J18*J18*J18/12+L18*M18*M18*M18/12+(O18-L18)*J18*POWER(M18-J18*0.5-P18,2)+L18*M18*POWER(P18-0.5*M18,2) -> 0.0095842888 | R18: =+Q18/N18 -> 66.557561 | S18: =+F18*J18*J18*J18*0.5/12 -> 7.2e-05 | T18: =+IF(4*J18>=M18-J18,M18-J18,4*J18)+L18 -> 0.78 | U18: =+M18-(0.5*(((T18-L18)*J18*J18)+L18*M18*M18)/((T18-L18)*J18+L18*M18)) -> 0.35818182 | V18: =+(T18-L18)*J18*J18*J18/12+L18*M18*M18*M18/12+(T18-L18)*J18*POWER(M18-J18*0.5-U18,2)+L18*M18*POWER(U18-0.5*M18,2) -> 0.0079825745 | W18: =+V18/S18 -> 110.86909 | X18: 2 | Y18: 2 | Z18: =+(X18*R18+Y18*W18)/4 -> 88.713326 | AA18: =+(F18*(0.8+($D$6/14000)))/(36+5*((IF(Z18>2,2,Z18))-0.2)*G18) -> 0.024444444
A19: 11 | B19: 1 | C19: 1 | D19: =IF((MAX(B19:C19)/MIN(B19:C19))>2,"1D","2D") -> 2D | E19: =IF(D19="2D","N.A.",10) -> N.A. | F19: =IF(D19="1D",MIN(B19:C19),MAX(B19:C19)) -> 1 | G19: =MAX(B19:C19)/MIN(B19:C19) -> 1 | H19: =IF(D19="2d",(F19*(0.8+($D$6/14000)))/(36+9*G19),F19/E19) -> 0.024444444 | I19: Usar h = | J19: =MAX(0.12,ROUND(H19,2)) -> 0.12 | L19: 0.3 | M19: 0.6 | N19: =+F19*J19*J19*J19/12 -> 0.000144 | O19: =+IF(4*J19>=M19-J19,M19-J19,4*J19)*2+L19 -> 1.26 | P19: =+M19-(0.5*(((O19-L19)*J19*J19)+L19*M19*M19)/((O19-L19)*J19+L19*M19)) -> 0.39365854 | Q19: =+(O19-L19)*J19*J19*J19/12+L19*M19*M19*M19/12+(O19-L19)*J19*POWER(M19-J19*0.5-P19,2)+L19*M19*POWER(P19-0.5*M19,2) -> 0.0095842888 | R19: =+Q19/N19 -> 66.557561 | S19: =+F19*J19*J19*J19*0.5/12 -> 7.2e-05 | T19: =+IF(4*J19>=M19-J19,M19-J19,4*J19)+L19 -> 0.78 | U19: =+M19-(0.5*(((T19-L19)*J19*J19)+L19*M19*M19)/((T19-L19)*J19+L19*M19)) -> 0.35818182 | V19: =+(T19-L19)*J19*J19*J19/12+L19*M19*M19*M19/12+(T19-L19)*J19*POWER(M19-J19*0.5-U19,2)+L19*M19*POWER(U19-0.5*M19,2) -> 0.0079825745 | W19: =+V19/S19 -> 110.86909 | X19: 2 | Y19: 2 | Z19: =+(X19*R19+Y19*W19)/4 -> 88.713326 | AA19: =+(F19*(0.8+($D$6/14000)))/(36+5*((IF(Z19>2,2,Z19))-0.2)*G19) -> 0.024444444
A20: 12 | B20: 1 | C20: 1 | D20: =IF((MAX(B20:C20)/MIN(B20:C20))>2,"1D","2D") -> 2D | E20: =IF(D20="2D","N.A.",10) -> N.A. | F20: =IF(D20="1D",MIN(B20:C20),MAX(B20:C20)) -> 1 | G20: =MAX(B20:C20)/MIN(B20:C20) -> 1 | H20: =IF(D20="2d",(F20*(0.8+($D$6/14000)))/(36+9*G20),F20/E20) -> 0.024444444 | I20: Usar h = | J20: =MAX(0.12,ROUND(H20,2)) -> 0.12 | L20: 0.3 | M20: 0.6 | N20: =+F20*J20*J20*J20/12 -> 0.000144 | O20: =+IF(4*J20>=M20-J20,M20-J20,4*J20)*2+L20 -> 1.26 | P20: =+M20-(0.5*(((O20-L20)*J20*J20)+L20*M20*M20)/((O20-L20)*J20+L20*M20)) -> 0.39365854 | Q20: =+(O20-L20)*J20*J20*J20/12+L20*M20*M20*M20/12+(O20-L20)*J20*POWER(M20-J20*0.5-P20,2)+L20*M20*POWER(P20-0.5*M20,2) -> 0.0095842888 | R20: =+Q20/N20 -> 66.557561 | S20: =+F20*J20*J20*J20*0.5/12 -> 7.2e-05 | T20: =+IF(4*J20>=M20-J20,M20-J20,4*J20)+L20 -> 0.78 | U20: =+M20-(0.5*(((T20-L20)*J20*J20)+L20*M20*M20)/((T20-L20)*J20+L20*M20)) -> 0.35818182 | V20: =+(T20-L20)*J20*J20*J20/12+L20*M20*M20*M20/12+(T20-L20)*J20*POWER(M20-J20*0.5-U20,2)+L20*M20*POWER(U20-0.5*M20,2) -> 0.0079825745 | W20: =+V20/S20 -> 110.86909 | X20: 2 | Y20: 2 | Z20: =+(X20*R20+Y20*W20)/4 -> 88.713326 | AA20: =+(F20*(0.8+($D$6/14000)))/(36+5*((IF(Z20>2,2,Z20))-0.2)*G20) -> 0.024444444
... A58: 50 | B58: 1 | C58: 1 | D58: =IF((MAX(B58:C58)/MIN(B58:C58))>2,"1D","2D") -> 2D | E58: =IF(D58="2D","N.A.",10) -> N.A. | F58: =IF(D58="1D",MIN(B58:C58),MAX(B58:C58)) -> 1 | G58: =MAX(B58:C58)/MIN(B58:C58) -> 1 | H58: =IF(D58="2d",(F58*(0.8+($D$6/14000)))/(36+9*G58),F58/E58) -> 0.024444444 | I58: Usar h = | J58: =MAX(0.12,ROUND(H58,2)) -> 0.12 | L58: 0.3 | M58: 0.6 | N58: =+F58*J58*J58*J58/12 -> 0.000144 | O58: =+IF(4*J58>=M58-J58,M58-J58,4*J58)*2+L58 -> 1.26 | P58: =+M58-(0.5*(((O58-L58)*J58*J58)+L58*M58*M58)/((O58-L58)*J58+L58*M58)) -> 0.39365854 | Q58: =+(O58-L58)*J58*J58*J58/12+L58*M58*M58*M58/12+(O58-L58)*J58*POWER(M58-J58*0.5-P58,2)+L58*M58*POWER(P58-0.5*M58,2) -> 0.0095842888 | R58: =+Q58/N58 -> 66.557561 | S58: =+F58*J58*J58*J58*0.5/12 -> 7.2e-05 | T58: =+IF(4*J58>=M58-J58,M58-J58,4*J58)+L58 -> 0.78 | U58: =+M58-(0.5*(((T58-L58)*J58*J58)+L58*M58*M58)/((T58-L58)*J58+L58*M58)) -> 0.35818182 | V58: =+(T58-L58)*J58*J58*J58/12+L58*M58*M58*M58/12+(T58-L58)*J58*POWER(M58-J58*0.5-U58,2)+L58*M58*POWER(U58-0.5*M58,2) -> 0.0079825745 | W58: =+V58/S58 -> 110.86909 | X58: 2 | Y58: 2 | Z58: =+(X58*R58+Y58*W58)/4 -> 88.713326 | AA58: =+(F58*(0.8+($D$6/14000)))/(36+5*((IF(Z58>2,2,Z58))-0.2)*G58) -> 0.024444444

Sheet Espesor Equivalente
K1: Dimensiones Bovedillas 1D | M1: Dimensiones Bovedillas 2D
K3: S= | L3: 0.15 | M3: S= | N3: 0.15
K4: B= | L4: 0.5 | M4: B= | N4: 0.5
A5: CALCULO DE ESPESOR DE LOSAS | K5: L= | L5: 0.5 | M5: L= | N5: 0.5
K6: h= | L6: 0.15 | M6: h= | N6: 0.15 | S6: Geometria de Vigas
B7: Calidad de Refuerzo | S7: b [cm] = | T7: 30
B8: Fy = | C8: 4200 | D8: Kg/cm² | S8: h [cm] = | T8: 70
A10: LOSA | B10: Lx | C10: Ly | D10: Cond. | E10: K | F10: Ln | G10: b | H10: h [cm] | K10: H (usado) | L10: Toping | M10: Cant x-x | N10: Cant y-y | O10: total | P10: Vb | Q10: Vt | R10: Vc | S10: H eq. | T10: Iv x-x | U10: Iv y-y | V10: IL x-x | W10: IL y-y | X10: a x | Y10: a y | Z10: a m | AB10: H (chk)
A11: =REPT('Espesor Earlette'!AC2,65) -> Earlette / Earlette / Earlette / Earlette / Earlette / Earlette / Earlette / Earlette / Earlette / Earlette / Earlette / Earlette / Earlette / Earlette / Earlette / Earlette / Earlette / Earlette / Earlette / Earlette / Earlette / Earlette / Earlette / Earlette / Earlette / Earlette / Earlette / Earlette / Earlette / Earlette / Earlette / Earlette / Earlette / Earlette / Earlette / Earlette / Earlette / Earlette / Earlette / Earlette / Earlette / Earlette / Earlette / Earlette / Earlette / Earlette / Earlette / Earlette / Earlette / Earlette / Earlette / Earlette / Earlette / Earlette / Earlette / Earlette / Earlette / Earlette / Earlette / Earlette / Earlette / Earlette / Earlette / Earlette / Earlette /
A12: 6 | B12: =VLOOKUP($A12,'Espesor Earlette'!$A$9:$J$58,2,FALSE) -> 7.95 | C12: =VLOOKUP($A12,'Espesor Earlette'!$A$9:$J$58,3,FALSE) -> 7 | D12: =VLOOKUP($A12,'Espesor Earlette'!$A$9:$J$58,4,FALSE) -> 2D | E12: =VLOOKUP($A12,'Espesor Earlette'!$A$9:$J$58,5,FALSE) -> N.A. | F12: =VLOOKUP($A12,'Espesor Earlette'!$A$9:$J$58,6,FALSE) -> 7.95 | G12: =VLOOKUP($A12,'Espesor Earlette'!$A$9:$J$58,7,FALSE) -> 1.1357143 | H12: =IF(D12="2D",(F12*(0.8+($C$8/14000)))/(36+9*G12),F12/E12) -> 0.18919796 | I12: Usar h = | J12: =MAX(0.12,H12) -> 0.18919796 | K12: =VLOOKUP($A12,'Espesor Earlette'!$A$9:$J$58,10,FALSE) -> 0.2 | L12: 0.05 | M12: =IF(D12="2D",IF(B12<C12,INT(B12/($N$3+$N$5)),INT(B12/($N$3+$N$4))),IF(B12>C12,INT(B12/($L$3+$L$4)),INT(B12/$L$5))) -> 12 | N12: =IF(D12="2D",IF(C12<B12,INT(C12/($N$3+$N$5)),INT(C12/($N$3+$N$4))),IF(C12>B12,INT(C12/($L$3+$L$4)),INT(C12/$L$5))) -> 10 | O12: =M12*N12 -> 120 | P12: =O12*(IF(D12="1D",($L$4*$L$5),($N$4*$N$5)))*(K12-L12) -> 4.5 | Q12: =K12*B12*C12 -> 11.13 | R12: =Q12-P12 -> 6.63 | S12: =R12/(B12*C12) -> 0.11913747 | T12: =$T$7*$T$8*$T$8*$T$8/12 -> 857500 | U12: =T12 -> 857500 | V12: =(C12*100/2)*(J12*J12*J12*1000000)/12 -> 197531.4 | W12: =(B12*100/2)*(J12*J12*J12*1000000)/12 -> 224339.24 | X12: =T12/V12 -> 4.3410819 | Y12: =U12/W12 -> 3.8223363 | Z12: =(X12*2+Y12*2)/4 -> 4.0817091 | AA12: =IF(Z12>2,"OK","CHK") -> OK | AB12: =(F12*(0.8+($C$9/14000)))/(36+5*G12*(0.2-0.12)) -> 0.17446508
A13: 7 | B13: =VLOOKUP($A13,'Espesor Earlette'!$A$9:$J$58,2,FALSE) -> 5.55 | C13: =VLOOKUP($A13,'Espesor Earlette'!$A$9:$J$58,3,FALSE) -> 7 | D13: =VLOOKUP($A13,'Espesor Earlette'!$A$9:$J$58,4,FALSE) -> 2D | E13: =VLOOKUP($A13,'Espesor Earlette'!$A$9:$J$58,5,FALSE) -> N.A. | F13: =VLOOKUP($A13,'Espesor Earlette'!$A$9:$J$58,6,FALSE) -> 7 | G13: =VLOOKUP($A13,'Espesor Earlette'!$A$9:$J$58,7,FALSE) -> 1.2612613 | H13: =IF(D13="2D",(F13*(0.8+($C$8/14000)))/(36+9*G13),F13/E13) -> 0.16261416 | I13: Usar h = | J13: =MAX(0.12,H13) -> 0.16261416 | K13: =VLOOKUP($A13,'Espesor Earlette'!$A$9:$J$58,10,FALSE) -> 0.16 | L13: 0.05 | M13: =IF(D13="2D",IF(B13<C13,INT(B13/($N$3+$N$5)),INT(B13/($N$3+$N$4))),IF(B13>C13,INT(B13/($L$3+$L$4)),INT(B13/$L$5))) -> 8 | N13: =IF(D13="2D",IF(C13<B13,INT(C13/($N$3+$N$5)),INT(C13/($N$3+$N$4))),IF(C13>B13,INT(C13/($L$3+$L$4)),INT(C13/$L$5))) -> 10 | O13: =M13*N13 -> 80 | P13: =O13*(IF(D13="1D",($L$4*$L$5),($N$4*$N$5)))*(K13-L13) -> 2.2 | Q13: =K13*B13*C13 -> 6.216 | R13: =Q13-P13 -> 4.016 | S13: =R13/(B13*C13) -> 0.10337194 | T13: =$T$7*$T$8*$T$8*$T$8/12 -> 857500 | U13: =T13 -> 857500 | V13: =(C13*100/2)*(J13*J13*J13*1000000)/12 -> 125418.57 | W13: =(B13*100/2)*(J13*J13*J13*1000000)/12 -> 99439.008 | X13: =T13/V13 -> 6.8371056 | Y13: =U13/W13 -> 8.6233764 | Z13: =(X13*2+Y13*2)/4 -> 7.730241 | AA13: =IF(Z13>2,"OK","CHK") -> OK | AB13: =(F13*(0.8+($C$9/14000)))/(36+5*G13*(0.2-0.12)) -> 0.15340573
A14: {=IFERROR(INDEX('Espesor Earlette'!A11:A60, SMALL(IF('Espesor Earlette'!J11:J60>=0.2, ROW('Espesor Earlette'!J11:J60)-ROW('Espesor Earlette'!J11)+1), ROWS($A$1:A3))), "")} | B14: =VLOOKUP($A14,'Espesor Earlette'!$A$9:$J$58,2,FALSE) -> #N/A | C14: =VLOOKUP($A14,'Espesor Earlette'!$A$9:$J$58,3,FALSE) -> #N/A | D14: =VLOOKUP($A14,'Espesor Earlette'!$A$9:$J$58,4,FALSE) -> #N/A | E14: =VLOOKUP($A14,'Espesor Earlette'!$A$9:$J$58,5,FALSE) -> #N/A | F14: =VLOOKUP($A14,'Espesor Earlette'!$A$9:$J$58,6,FALSE) -> #N/A | G14: =VLOOKUP($A14,'Espesor Earlette'!$A$9:$J$58,7,FALSE) -> #N/A | H14: =IF(D14="2D",(F14*(0.8+($C$8/14000)))/(36+9*G14),F14/E14) -> #N/A | I14: Usar h = | J14: =MAX(0.12,H14) -> #N/A | K14: =VLOOKUP($A14,'Espesor Earlette'!$A$9:$J$58,10,FALSE) -> #N/A | L14: 0.05 | M14: =IF(D14="2D",IF(B14<C14,INT(B14/($N$3+$N$5)),INT(B14/($N$3+$N$4))),IF(B14>C14,INT(B14/($L$3+$L$4)),INT(B14/$L$5))) -> #N/A | N14: =IF(D14="2D",IF(C14<B14,INT(C14/($N$3+$N$5)),INT(C14/($N$3+$N$4))),IF(C14>B14,INT(C14/($L$3+$L$4)),INT(C14/$L$5))) -> #N/A | O14: =M14*N14 -> #N/A | P14: =O14*(IF(D14="1D",($L$4*$L$5),($N$4*$N$5)))*(K14-L14) -> #N/A | Q14: =K14*B14*C14 -> #N/A | R14: =Q14-P14 -> #N/A | S14: =R14/(B14*C14) -> #N/A | T14: =$T$7*$T$8*$T$8*$T$8/12 -> 857500 | U14: =T14 -> 857500 | V14: =(C14*100/2)*(J14*J14*J14*1000000)/12 -> #N/A | W14: =(B14*100/2)*(J14*J14*J14*1000000)/12 -> #N/A | X14: =T14/V14 -> #N/A | Y14: =U14/W14 -> #N/A | Z14: =(X14*2+Y14*2)/4 -> #N/A | AA14: =IF(Z14>2,"OK","CHK") -> #N/A | AB14: =(F14*(0.8+($C$9/14000)))/(36+5*G14*(0.2-0.12)) -> #N/A
A15: {=IFERROR(INDEX('Espesor Earlette'!A12:A61, SMALL(IF('Espesor Earlette'!J12:J61>=0.2, ROW('Espesor Earlette'!J12:J61)-ROW('Espesor Earlette'!J12)+1), ROWS($A$1:A4))), "")} | B15: =VLOOKUP($A15,'Espesor Earlette'!$A$9:$J$58,2,FALSE) -> #N/A | C15: =VLOOKUP($A15,'Espesor Earlette'!$A$9:$J$58,3,FALSE) -> #N/A | D15: =VLOOKUP($A15,'Espesor Earlette'!$A$9:$J$58,4,FALSE) -> #N/A | E15: =VLOOKUP($A15,'Espesor Earlette'!$A$9:$J$58,5,FALSE) -> #N/A | F15: =VLOOKUP($A15,'Espesor Earlette'!$A$9:$J$58,6,FALSE) -> #N/A | G15: =VLOOKUP($A15,'Espesor Earlette'!$A$9:$J$58,7,FALSE) -> #N/A | H15: =IF(D15="2D",(F15*(0.8+($C$8/14000)))/(36+9*G15),F15/E15) -> #N/A | I15: Usar h = | J15: =MAX(0.12,H15) -> #N/A | K15: =VLOOKUP($A15,'Espesor Earlette'!$A$9:$J$58,10,FALSE) -> #N/A | L15: 0.05 | M15: =IF(D15="2D",IF(B15<C15,INT(B15/($N$3+$N$5)),INT(B15/($N$3+$N$4))),IF(B15>C15,INT(B15/($L$3+$L$4)),INT(B15/$L$5))) -> #N/A | N15: =IF(D15="2D",IF(C15<B15,INT(C15/($N$3+$N$5)),INT(C15/($N$3+$N$4))),IF(C15>B15,INT(C15/($L$3+$L$4)),INT(C15/$L$5))) -> #N/A | O15: =M15*N15 -> #N/A | P15: =O15*(IF(D15="1D",($L$4*$L$5),($N$4*$N$5)))*(K15-L15) -> #N/A | Q15: =K15*B15*C15 -> #N/A | R15: =Q15-P15 -> #N/A | S15: =R15/(B15*C15) -> #N/A | T15: =$T$7*$T$8*$T$8*$T$8/12 -> 857500 | U15: =T15 -> 857500 | V15: =(C15*100/2)*(J15*J15*J15*1000000)/12 -> #N/A | W15: =(B15*100/2)*(J15*J15*J15*1000000)/12 -> #N/A | X15: =T15/V15 -> #N/A | Y15: =U15/W15 -> #N/A | Z15: =(X15*2+Y15*2)/4 -> #N/A | AA15: =IF(Z15>2,"OK","CHK") -> #N/A | AB15: =(F15*(0.8+($C$9/14000)))/(36+5*G15*(0.2-0.12)) -> #N/A
A16: {=IFERROR(INDEX('Espesor Earlette'!A13:A62, SMALL(IF('Espesor Earlette'!J13:J62>=0.2, ROW('Espesor Earlette'!J13:J62)-ROW('Espesor Earlette'!J13)+1), ROWS($A$1:A5))), "")} | B16: =VLOOKUP($A16,'Espesor Earlette'!$A$9:$J$58,2,FALSE) -> #N/A | C16: =VLOOKUP($A16,'Espesor Earlette'!$A$9:$J$58,3,FALSE) -> #N/A | D16: =VLOOKUP($A16,'Espesor Earlette'!$A$9:$J$58,4,FALSE) -> #N/A | E16: =VLOOKUP($A16,'Espesor Earlette'!$A$9:$J$58,5,FALSE) -> #N/A | F16: =VLOOKUP($A16,'Espesor Earlette'!$A$9:$J$58,6,FALSE) -> #N/A | G16: =VLOOKUP($A16,'Espesor Earlette'!$A$9:$J$58,7,FALSE) -> #N/A | H16: =IF(D16="2D",(F16*(0.8+($C$8/14000)))/(36+9*G16),F16/E16) -> #N/A | I16: Usar h = | J16: =MAX(0.12,H16) -> #N/A | K16: =VLOOKUP($A16,'Espesor Earlette'!$A$9:$J$58,10,FALSE) -> #N/A | L16: 0.05 | M16: =IF(D16="2D",IF(B16<C16,INT(B16/($N$3+$N$5)),INT(B16/($N$3+$N$4))),IF(B16>C16,INT(B16/($L$3+$L$4)),INT(B16/$L$5))) -> #N/A | N16: =IF(D16="2D",IF(C16<B16,INT(C16/($N$3+$N$5)),INT(C16/($N$3+$N$4))),IF(C16>B16,INT(C16/($L$3+$L$4)),INT(C16/$L$5))) -> #N/A | O16: =M16*N16 -> #N/A | P16: =O16*(IF(D16="1D",($L$4*$L$5),($N$4*$N$5)))*(K16-L16) -> #N/A | Q16: =K16*B16*C16 -> #N/A | R16: =Q16-P16 -> #N/A | S16: =R16/(B16*C16) -> #N/A | T16: =$T$7*$T$8*$T$8*$T$8/12 -> 857500 | U16: =T16 -> 857500 | V16: =(C16*100/2)*(J16*J16*J16*1000000)/12 -> #N/A | W16: =(B16*100/2)*(J16*J16*J16*1000000)/12 -> #N/A | X16: =T16/V16 -> #N/A | Y16: =U16/W16 -> #N/A | Z16: =(X16*2+Y16*2)/4 -> #N/A | AA16: =IF(Z16>2,"OK","CHK") -> #N/A | AB16: =(F16*(0.8+($C$9/14000)))/(36+5*G16*(0.2-0.12)) -> #N/A
A17: {=IFERROR(INDEX('Espesor Earlette'!A14:A63, SMALL(IF('Espesor Earlette'!J14:J63>=0.2, ROW('Espesor Earlette'!J14:J63)-ROW('Espesor Earlette'!J14)+1), ROWS($A$1:A6))), "")} | B17: =VLOOKUP($A17,'Espesor Earlette'!$A$9:$J$58,2,FALSE) -> #N/A | C17: =VLOOKUP($A17,'Espesor Earlette'!$A$9:$J$58,3,FALSE) -> #N/A | D17: =VLOOKUP($A17,'Espesor Earlette'!$A$9:$J$58,4,FALSE) -> #N/A | E17: =VLOOKUP($A17,'Espesor Earlette'!$A$9:$J$58,5,FALSE) -> #N/A | F17: =VLOOKUP($A17,'Espesor Earlette'!$A$9:$J$58,6,FALSE) -> #N/A | G17: =VLOOKUP($A17,'Espesor Earlette'!$A$9:$J$58,7,FALSE) -> #N/A | H17: =IF(D17="2D",(F17*(0.8+($C$8/14000)))/(36+9*G17),F17/E17) -> #N/A | I17: Usar h = | J17: =MAX(0.12,H17) -> #N/A | K17: =VLOOKUP($A17,'Espesor Earlette'!$A$9:$J$58,10,FALSE) -> #N/A | L17: 0.05 | M17: =IF(D17="2D",IF(B17<C17,INT(B17/($N$3+$N$5)),INT(B17/($N$3+$N$4))),IF(B17>C17,INT(B17/($L$3+$L$4)),INT(B17/$L$5))) -> #N/A | N17: =IF(D17="2D",IF(C17<B17,INT(C17/($N$3+$N$5)),INT(C17/($N$3+$N$4))),IF(C17>B17,INT(C17/($L$3+$L$4)),INT(C17/$L$5))) -> #N/A | O17: =M17*N17 -> #N/A | P17: =O17*(IF(D17="1D",($L$4*$L$5),($N$4*$N$5)))*(K17-L17) -> #N/A | Q17: =K17*B17*C17 -> #N/A | R17: =Q17-P17 -> #N/A | S17: =R17/(B17*C17) -> #N/A | T17: =$T$7*$T$8*$T$8*$T$8/12 -> 857500 | U17: =T17 -> 857500 | V17: =(C17*100/2)*(J17*J17*J17*1000000)/12 -> #N/A | W17: =(B17*100/2)*(J17*J17*J17*1000000)/12 -> #N/A | X17: =T17/V17 -> #N/A | Y17: =U17/W17 -> #N/A | Z17: =(X17*2+Y17*2)/4 -> #N/A | AA17: =IF(Z17>2,"OK","CHK") -> #N/A | AB17: =(F17*(0.8+($C$9/14000)))/(36+5*G17*(0.2-0.12)) -> #N/A
A18: {=IFERROR(INDEX('Espesor Earlette'!A15:A64, SMALL(IF('Espesor Earlette'!J15:J64>=0.2, ROW('Espesor Earlette'!J15:J64)-ROW('Espesor Earlette'!J15)+1), ROWS($A$1:A7))), "")} | B18: =VLOOKUP($A18,'Espesor Earlette'!$A$9:$J$58,2,FALSE) -> #N/A | C18: =VLOOKUP($A18,'Espesor Earlette'!$A$9:$J$58,3,FALSE) -> #N/A | D18: =VLOOKUP($A18,'Espesor Earlette'!$A$9:$J$58,4,FALSE) -> #N/A | E18: =VLOOKUP($A18,'Espesor Earlette'!$A$9:$J$58,5,FALSE) -> #N/A | F18: =VLOOKUP($A18,'Espesor Earlette'!$A$9:$J$58,6,FALSE) -> #N/A | G18: =VLOOKUP($A18,'Espesor Earlette'!$A$9:$J$58,7,FALSE) -> #N/A | H18: =IF(D18="2D",(F18*(0.8+($C$8/14000)))/(36+9*G18),F18/E18) -> #N/A | I18: Usar h = | J18: =MAX(0.12,H18) -> #N/A | K18: =VLOOKUP($A18,'Espesor Earlette'!$A$9:$J$58,10,FALSE) -> #N/A | L18: 0.05 | M18: =IF(D18="2D",IF(B18<C18,INT(B18/($N$3+$N$5)),INT(B18/($N$3+$N$4))),IF(B18>C18,INT(B18/($L$3+$L$4)),INT(B18/$L$5))) -> #N/A | N18: =IF(D18="2D",IF(C18<B18,INT(C18/($N$3+$N$5)),INT(C18/($N$3+$N$4))),IF(C18>B18,INT(C18/($L$3+$L$4)),INT(C18/$L$5))) -> #N/A | O18: =M18*N18 -> #N/A | P18: =O18*(IF(D18="1D",($L$4*$L$5),($N$4*$N$5)))*(K18-L18) -> #N/A | Q18: =K18*B18*C18 -> #N/A | R18: =Q18-P18 -> #N/A | S18: =R18/(B18*C18) -> #N/A | T18: =$T$7*$T$8*$T$8*$T$8/12 -> 857500 | U18: =T18 -> 857500 | V18: =(C18*100/2)*(J18*J18*J18*1000000)/12 -> #N/A | W18: =(B18*100/2)*(J18*J18*J18*1000000)/12 -> #N/A | X18: =T18/V18 -> #N/A | Y18: =U18/W18 -> #N/A | Z18: =(X18*2+Y18*2)/4 -> #N/A | AA18: =IF(Z18>2,"OK","CHK") -> #N/A | AB18: =(F18*(0.8+($C$9/14000)))/(36+5*G18*(0.2-0.12)) -> #N/A
A19: {=IFERROR(INDEX('Espesor Earlette'!A16:A65, SMALL(IF('Espesor Earlette'!J16:J65>=0.2, ROW('Espesor Earlette'!J16:J65)-ROW('Espesor Earlette'!J16)+1), ROWS($A$1:A8))), "")} | B19: =VLOOKUP($A19,'Espesor Earlette'!$A$9:$J$58,2,FALSE) -> #N/A | C19: =VLOOKUP($A19,'Espesor Earlette'!$A$9:$J$58,3,FALSE) -> #N/A | D19: =VLOOKUP($A19,'Espesor Earlette'!$A$9:$J$58,4,FALSE) -> #N/A | E19: =VLOOKUP($A19,'Espesor Earlette'!$A$9:$J$58,5,FALSE) -> #N/A | F19: =VLOOKUP($A19,'Espesor Earlette'!$A$9:$J$58,6,FALSE) -> #N/A | G19: =VLOOKUP($A19,'Espesor Earlette'!$A$9:$J$58,7,FALSE) -> #N/A | H19: =IF(D19="2D",(F19*(0.8+($C$8/14000)))/(36+9*G19),F19/E19) -> #N/A | I19: Usar h = | J19: =MAX(0.12,H19) -> #N/A | K19: =VLOOKUP($A19,'Espesor Earlette'!$A$9:$J$58,10,FALSE) -> #N/A | L19: 0.05 | M19: =IF(D19="2D",IF(B19<C19,INT(B19/($N$3+$N$5)),INT(B19/($N$3+$N$4))),IF(B19>C19,INT(B19/($L$3+$L$4)),INT(B19/$L$5))) -> #N/A | N19: =IF(D19="2D",IF(C19<B19,INT(C19/($N$3+$N$5)),INT(C19/($N$3+$N$4))),IF(C19>B19,INT(C19/($L$3+$L$4)),INT(C19/$L$5))) -> #N/A | O19: =M19*N19 -> #N/A | P19: =O19*(IF(D19="1D",($L$4*$L$5),($N$4*$N$5)))*(K19-L19) -> #N/A | Q19: =K19*B19*C19 -> #N/A | R19: =Q19-P19 -> #N/A | S19: =R19/(B19*C19) -> #N/A | T19: =$T$7*$T$8*$T$8*$T$8/12 -> 857500 | U19: =T19 -> 857500 | V19: =(C19*100/2)*(J19*J19*J19*1000000)/12 -> #N/A | W19: =(B19*100/2)*(J19*J19*J19*1000000)/12 -> #N/A | X19: =T19/V19 -> #N/A | Y19: =U19/W19 -> #N/A | Z19: =(X19*2+Y19*2)/4 -> #N/A | AA19: =IF(Z19>2,"OK","CHK") -> #N/A | AB19: =(F19*(0.8+($C$9/14000)))/(36+5*G19*(0.2-0.12)) -> #N/A
A20: {=IFERROR(INDEX('Espesor Earlette'!A17:A66, SMALL(IF('Espesor Earlette'!J17:J66>=0.2, ROW('Espesor Earlette'!J17:J66)-ROW('Espesor Earlette'!J17)+1), ROWS($A$1:A9))), "")} | B20: =VLOOKUP($A20,'Espesor Earlette'!$A$9:$J$58,2,FALSE) -> #N/A | C20: =VLOOKUP($A20,'Espesor Earlette'!$A$9:$J$58,3,FALSE) -> #N/A | D20: =VLOOKUP($A20,'Espesor Earlette'!$A$9:$J$58,4,FALSE) -> #N/A | E20: =VLOOKUP($A20,'Espesor Earlette'!$A$9:$J$58,5,FALSE) -> #N/A | F20: =VLOOKUP($A20,'Espesor Earlette'!$A$9:$J$58,6,FALSE) -> #N/A | G20: =VLOOKUP($A20,'Espesor Earlette'!$A$9:$J$58,7,FALSE) -> #N/A | H20: =IF(D20="2D",(F20*(0.8+($C$8/14000)))/(36+9*G20),F20/E20) -> #N/A | I20: Usar h = | J20: =MAX(0.12,H20) -> #N/A | K20: =VLOOKUP($A20,'Espesor Earlette'!$A$9:$J$58,10,FALSE) -> #N/A | L20: 0.05 | M20: =IF(D20="2D",IF(B20<C20,INT(B20/($N$3+$N$5)),INT(B20/($N$3+$N$4))),IF(B20>C20,INT(B20/($L$3+$L$4)),INT(B20/$L$5))) -> #N/A | N20: =IF(D20="2D",IF(C20<B20,INT(C20/($N$3+$N$5)),INT(C20/($N$3+$N$4))),IF(C20>B20,INT(C20/($L$3+$L$4)),INT(C20/$L$5))) -> #N/A | O20: =M20*N20 -> #N/A | P20: =O20*(IF(D20="1D",($L$4*$L$5),($N$4*$N$5)))*(K20-L20) -> #N/A | Q20: =K20*B20*C20 -> #N/A | R20: =Q20-P20 -> #N/A | S20: =R20/(B20*C20) -> #N/A | T20: =$T$7*$T$8*$T$8*$T$8/12 -> 857500 | U20: =T20 -> 857500 | V20: =(C20*100/2)*(J20*J20*J20*1000000)/12 -> #N/A | W20: =(B20*100/2)*(J20*J20*J20*1000000)/12 -> #N/A | X20: =T20/V20 -> #N/A | Y20: =U20/W20 -> #N/A | Z20: =(X20*2+Y20*2)/4 -> #N/A | AA20: =IF(Z20>2,"OK","CHK") -> #N/A | AB20: =(F20*(0.8+($C$9/14000)))/(36+5*G20*(0.2-0.12)) -> #N/A
A21: {=IFERROR(INDEX('Espesor Earlette'!A18:A67, SMALL(IF('Espesor Earlette'!J18:J67>=0.2, ROW('Espesor Earlette'!J18:J67)-ROW('Espesor Earlette'!J18)+1), ROWS($A$1:A10))), "")} | B21: =VLOOKUP($A21,'Espesor Earlette'!$A$9:$J$58,2,FALSE) -> #N/A | C21: =VLOOKUP($A21,'Espesor Earlette'!$A$9:$J$58,3,FALSE) -> #N/A | D21: =VLOOKUP($A21,'Espesor Earlette'!$A$9:$J$58,4,FALSE) -> #N/A | E21: =VLOOKUP($A21,'Espesor Earlette'!$A$9:$J$58,5,FALSE) -> #N/A | F21: =VLOOKUP($A21,'Espesor Earlette'!$A$9:$J$58,6,FALSE) -> #N/A | G21: =VLOOKUP($A21,'Espesor Earlette'!$A$9:$J$58,7,FALSE) -> #N/A | H21: =IF(D21="2D",(F21*(0.8+($C$8/14000)))/(36+9*G21),F21/E21) -> #N/A | I21: Usar h = | J21: =MAX(0.12,H21) -> #N/A | K21: =VLOOKUP($A21,'Espesor Earlette'!$A$9:$J$58,10,FALSE) -> #N/A | L21: 0.05 | M21: =IF(D21="2D",IF(B21<C21,INT(B21/($N$3+$N$5)),INT(B21/($N$3+$N$4))),IF(B21>C21,INT(B21/($L$3+$L$4)),INT(B21/$L$5))) -> #N/A | N21: =IF(D21="2D",IF(C21<B21,INT(C21/($N$3+$N$5)),INT(C21/($N$3+$N$4))),IF(C21>B21,INT(C21/($L$3+$L$4)),INT(C21/$L$5))) -> #N/A | O21: =M21*N21 -> #N/A | P21: =O21*(IF(D21="1D",($L$4*$L$5),($N$4*$N$5)))*(K21-L21) -> #N/A | Q21: =K21*B21*C21 -> #N/A | R21: =Q21-P21 -> #N/A | S21: =R21/(B21*C21) -> #N/A | T21: =$T$7*$T$8*$T$8*$T$8/12 -> 857500 | U21: =T21 -> 857500 | V21: =(C21*100/2)*(J21*J21*J21*1000000)/12 -> #N/A | W21: =(B21*100/2)*(J21*J21*J21*1000000)/12 -> #N/A | X21: =T21/V21 -> #N/A | Y21: =U21/W21 -> #N/A | Z21: =(X21*2+Y21*2)/4 -> #N/A | AA21: =IF(Z21>2,"OK","CHK") -> #N/A | AB21: =(F21*(0.8+($C$9/14000)))/(36+5*G21*(0.2-0.12)) -> #N/A
A22: {=IFERROR(INDEX('Espesor Earlette'!A19:A68, SMALL(IF('Espesor Earlette'!J19:J68>=0.2, ROW('Espesor Earlette'!J19:J68)-ROW('Espesor Earlette'!J19)+1), ROWS($A$1:A11))), "")} | B22: =VLOOKUP($A22,'Espesor Earlette'!$A$9:$J$58,2,FALSE) -> #N/A | C22: =VLOOKUP($A22,'Espesor Earlette'!$A$9:$J$58,3,FALSE) -> #N/A | D22: =VLOOKUP($A22,'Espesor Earlette'!$A$9:$J$58,4,FALSE) -> #N/A | E22: =VLOOKUP($A22,'Espesor Earlette'!$A$9:$J$58,5,FALSE) -> #N/A | F22: =VLOOKUP($A22,'Espesor Earlette'!$A$9:$J$58,6,FALSE) -> #N/A | G22: =VLOOKUP($A22,'Espesor Earlette'!$A$9:$J$58,7,FALSE) -> #N/A | H22: =IF(D22="2D",(F22*(0.8+($C$8/14000)))/(36+9*G22),F22/E22) -> #N/A | I22: Usar h = | J22: =MAX(0.12,H22) -> #N/A | K22: =VLOOKUP($A22,'Espesor Earlette'!$A$9:$J$58,10,FALSE) -> #N/A | L22: 0.05 | M22: =IF(D22="2D",IF(B22<C22,INT(B22/($N$3+$N$5)),INT(B22/($N$3+$N$4))),IF(B22>C22,INT(B22/($L$3+$L$4)),INT(B22/$L$5))) -> #N/A | N22: =IF(D22="2D",IF(C22<B22,INT(C22/($N$3+$N$5)),INT(C22/($N$3+$N$4))),IF(C22>B22,INT(C22/($L$3+$L$4)),INT(C22/$L$5))) -> #N/A | O22: =M22*N22 -> #N/A | P22: =O22*(IF(D22="1D",($L$4*$L$5),($N$4*$N$5)))*(K22-L22) -> #N/A | Q22: =K22*B22*C22 -> #N/A | R22: =Q22-P22 -> #N/A | S22: =R22/(B22*C22) -> #N/A | T22: =$T$7*$T$8*$T$8*$T$8/12 -> 857500 | U22: =T22 -> 857500 | V22: =(C22*100/2)*(J22*J22*J22*1000000)/12 -> #N/A | W22: =(B22*100/2)*(J22*J22*J22*1000000)/12 -> #N/A | X22: =T22/V22 -> #N/A | Y22: =U22/W22 -> #N/A | Z22: =(X22*2+Y22*2)/4 -> #N/A | AA22: =IF(Z22>2,"OK","CHK") -> #N/A | AB22: =(F22*(0.8+($C$9/14000)))/(36+5*G22*(0.2-0.12)) -> #N/A
A23: {=IFERROR(INDEX('Espesor Earlette'!A20:A69, SMALL(IF('Espesor Earlette'!J20:J69>=0.2, ROW('Espesor Earlette'!J20:J69)-ROW('Espesor Earlette'!J20)+1), ROWS($A$1:A12))), "")} | B23: =VLOOKUP($A23,'Espesor Earlette'!$A$9:$J$58,2,FALSE) -> #N/A | C23: =VLOOKUP($A23,'Espesor Earlette'!$A$9:$J$58,3,FALSE) -> #N/A | D23: =VLOOKUP($A23,'Espesor Earlette'!$A$9:$J$58,4,FALSE) -> #N/A | E23: =VLOOKUP($A23,'Espesor Earlette'!$A$9:$J$58,5,FALSE) -> #N/A | F23: =VLOOKUP($A23,'Espesor Earlette'!$A$9:$J$58,6,FALSE) -> #N/A | G23: =VLOOKUP($A23,'Espesor Earlette'!$A$9:$J$58,7,FALSE) -> #N/A | H23: =IF(D23="2D",(F23*(0.8+($C$8/14000)))/(36+9*G23),F23/E23) -> #N/A | I23: Usar h = | J23: =MAX(0.12,H23) -> #N/A | K23: =VLOOKUP($A23,'Espesor Earlette'!$A$9:$J$58,10,FALSE) -> #N/A | L23: 0.05 | M23: =IF(D23="2D",IF(B23<C23,INT(B23/($N$3+$N$5)),INT(B23/($N$3+$N$4))),IF(B23>C23,INT(B23/($L$3+$L$4)),INT(B23/$L$5))) -> #N/A | N23: =IF(D23="2D",IF(C23<B23,INT(C23/($N$3+$N$5)),INT(C23/($N$3+$N$4))),IF(C23>B23,INT(C23/($L$3+$L$4)),INT(C23/$L$5))) -> #N/A | O23: =M23*N23 -> #N/A | P23: =O23*(IF(D23="1D",($L$4*$L$5),($N$4*$N$5)))*(K23-L23) -> #N/A | Q23: =K23*B23*C23 -> #N/A | R23: =Q23-P23 -> #N/A | S23: =R23/(B23*C23) -> #N/A | T23: =$T$7*$T$8*$T$8*$T$8/12 -> 857500 | U23: =T23 -> 857500 | V23: =(C23*100/2)*(J23*J23*J23*1000000)/12 -> #N/A | W23: =(B23*100/2)*(J23*J23*J23*1000000)/12 -> #N/A | X23: =T23/V23 -> #N/A | Y23: =U23/W23 -> #N/A | Z23: =(X23*2+Y23*2)/4 -> #N/A | AA23: =IF(Z23>2,"OK","CHK") -> #N/A | AB23: =(F23*(0.8+($C$9/14000)))/(36+5*G23*(0.2-0.12)) -> #N/A
A24: {=IFERROR(INDEX('Espesor Earlette'!A21:A70, SMALL(IF('Espesor Earlette'!J21:J70>=0.2, ROW('Espesor Earlette'!J21:J70)-ROW('Espesor Earlette'!J21)+1), ROWS($A$1:A13))), "")} | B24: =VLOOKUP($A24,'Espesor Earlette'!$A$9:$J$58,2,FALSE) -> #N/A | C24: =VLOOKUP($A24,'Espesor Earlette'!$A$9:$J$58,3,FALSE) -> #N/A | D24: =VLOOKUP($A24,'Espesor Earlette'!$A$9:$J$58,4,FALSE) -> #N/A | E24: =VLOOKUP($A24,'Espesor Earlette'!$A$9:$J$58,5,FALSE) -> #N/A | F24: =VLOOKUP($A24,'Espesor Earlette'!$A$9:$J$58,6,FALSE) -> #N/A | G24: =VLOOKUP($A24,'Espesor Earlette'!$A$9:$J$58,7,FALSE) -> #N/A | H24: =IF(D24="2D",(F24*(0.8+($C$8/14000)))/(36+9*G24),F24/E24) -> #N/A | I24: Usar h = | J24: =MAX(0.12,H24) -> #N/A | K24: =VLOOKUP($A24,'Espesor Earlette'!$A$9:$J$58,10,FALSE) -> #N/A | L24: 0.05 | M24: =IF(D24="2D",IF(B24<C24,INT(B24/($N$3+$N$5)),INT(B24/($N$3+$N$4))),IF(B24>C24,INT(B24/($L$3+$L$4)),INT(B24/$L$5))) -> #N/A | N24: =IF(D24="2D",IF(C24<B24,INT(C24/($N$3+$N$5)),INT(C24/($N$3+$N$4))),IF(C24>B24,INT(C24/($L$3+$L$4)),INT(C24/$L$5))) -> #N/A | O24: =M24*N24 -> #N/A | P24: =O24*(IF(D24="1D",($L$4*$L$5),($N$4*$N$5)))*(K24-L24) -> #N/A | Q24: =K24*B24*C24 -> #N/A | R24: =Q24-P24 -> #N/A | S24: =R24/(B24*C24) -> #N/A | T24: =$T$7*$T$8*$T$8*$T$8/12 -> 857500 | U24: =T24 -> 857500 | V24: =(C24*100/2)*(J24*J24*J24*1000000)/12 -> #N/A | W24: =(B24*100/2)*(J24*J24*J24*1000000)/12 -> #N/A | X24: =T24/V24 -> #N/A | Y24: =U24/W24 -> #N/A | Z24: =(X24*2+Y24*2)/4 -> #N/A | AA24: =IF(Z24>2,"OK","CHK") -> #N/A | AB24: =(F24*(0.8+($C$9/14000)))/(36+5*G24*(0.2-0.12)) -> #N/A
A25: {=IFERROR(INDEX('Espesor Earlette'!A22:A71, SMALL(IF('Espesor Earlette'!J22:J71>=0.2, ROW('Espesor Earlette'!J22:J71)-ROW('Espesor Earlette'!J22)+1), ROWS($A$1:A14))), "")} | B25: =VLOOKUP($A25,'Espesor Earlette'!$A$9:$J$58,2,FALSE) -> #N/A | C25: =VLOOKUP($A25,'Espesor Earlette'!$A$9:$J$58,3,FALSE) -> #N/A | D25: =VLOOKUP($A25,'Espesor Earlette'!$A$9:$J$58,4,FALSE) -> #N/A | E25: =VLOOKUP($A25,'Espesor Earlette'!$A$9:$J$58,5,FALSE) -> #N/A | F25: =VLOOKUP($A25,'Espesor Earlette'!$A$9:$J$58,6,FALSE) -> #N/A | G25: =VLOOKUP($A25,'Espesor Earlette'!$A$9:$J$58,7,FALSE) -> #N/A | H25: =IF(D25="2D",(F25*(0.8+($C$8/14000)))/(36+9*G25),F25/E25) -> #N/A | I25: Usar h = | J25: =MAX(0.12,H25) -> #N/A | K25: =VLOOKUP($A25,'Espesor Earlette'!$A$9:$J$58,10,FALSE) -> #N/A | L25: 0.05 | M25: =IF(D25="2D",IF(B25<C25,INT(B25/($N$3+$N$5)),INT(B25/($N$3+$N$4))),IF(B25>C25,INT(B25/($L$3+$L$4)),INT(B25/$L$5))) -> #N/A | N25: =IF(D25="2D",IF(C25<B25,INT(C25/($N$3+$N$5)),INT(C25/($N$3+$N$4))),IF(C25>B25,INT(C25/($L$3+$L$4)),INT(C25/$L$5))) -> #N/A | O25: =M25*N25 -> #N/A | P25: =O25*(IF(D25="1D",($L$4*$L$5),($N$4*$N$5)))*(K25-L25) -> #N/A | Q25: =K25*B25*C25 -> #N/A | R25: =Q25-P25 -> #N/A | S25: =R25/(B25*C25) -> #N/A | T25: =$T$7*$T$8*$T$8*$T$8/12 -> 857500 | U25: =T25 -> 857500 | V25: =(C25*100/2)*(J25*J25*J25*1000000)/12 -> #N/A | W25: =(B25*100/2)*(J25*J25*J25*1000000)/12 -> #N/A | X25: =T25/V25 -> #N/A | Y25: =U25/W25 -> #N/A | Z25: =(X25*2+Y25*2)/4 -> #N/A | AA25: =IF(Z25>2,"OK","CHK") -> #N/A | AB25: =(F25*(0.8+($C$9/14000)))/(36+5*G25*(0.2-0.12)) -> #N/A
... A31: {=IFERROR(INDEX('Espesor Earlette'!A28:A77, SMALL(IF('Espesor Earlette'!J28:J77>=0.2, ROW('Espesor Earlette'!J28:J77)-ROW('Espesor Earlette'!J28)+1), ROWS($A$1:A20))), "")} | B31: =VLOOKUP($A31,'Espesor Earlette'!$A$9:$J$58,2,FALSE) -> #N/A | C31: =VLOOKUP($A31,'Espesor Earlette'!$A$9:$J$58,3,FALSE) -> #N/A | D31: =VLOOKUP($A31,'Espesor Earlette'!$A$9:$J$58,4,FALSE) -> #N/A | E31: =VLOOKUP($A31,'Espesor Earlette'!$A$9:$J$58,5,FALSE) -> #N/A | F31: =VLOOKUP($A31,'Espesor Earlette'!$A$9:$J$58,6,FALSE) -> #N/A | G31: =VLOOKUP($A31,'Espesor Earlette'!$A$9:$J$58,7,FALSE) -> #N/A | H31: =IF(D31="2D",(F31*(0.8+($C$8/14000)))/(36+9*G31),F31/E31) -> #N/A | I31: Usar h = | J31: =MAX(0.12,H31) -> #N/A | K31: =VLOOKUP($A31,'Espesor Earlette'!$A$9:$J$58,10,FALSE) -> #N/A | L31: 0.05 | M31: =IF(D31="2D",IF(B31<C31,INT(B31/($N$3+$N$5)),INT(B31/($N$3+$N$4))),IF(B31>C31,INT(B31/($L$3+$L$4)),INT(B31/$L$5))) -> #N/A | N31: =IF(D31="2D",IF(C31<B31,INT(C31/($N$3+$N$5)),INT(C31/($N$3+$N$4))),IF(C31>B31,INT(C31/($L$3+$L$4)),INT(C31/$L$5))) -> #N/A | O31: =M31*N31 -> #N/A | P31: =O31*(IF(D31="1D",($L$4*$L$5),($N$4*$N$5)))*(K31-L31) -> #N/A | Q31: =K31*B31*C31 -> #N/A | R31: =Q31-P31 -> #N/A | S31: =R31/(B31*C31) -> #N/A | T31: =$T$7*$T$8*$T$8*$T$8/12 -> 857500 | U31: =T31 -> 857500 | V31: =(C31*100/2)*(J31*J31*J31*1000000)/12 -> #N/A | W31: =(B31*100/2)*(J31*J31*J31*1000000)/12 -> #N/A | X31: =T31/V31 -> #N/A | Y31: =U31/W31 -> #N/A | Z31: =(X31*2+Y31*2)/4 -> #N/A | AA31: =IF(Z31>2,"OK","CHK") -> #N/A | AB31: =(F31*(0.8+($C$9/14000)))/(36+5*G31*(0.2-0.12)) -> #N/A
A32: =REPT('Espesor E2'!AC2,65) -> E2 / E2 / E2 / E2 / E2 / E2 / E2 / E2 / E2 / E2 / E2 / E2 / E2 / E2 / E2 / E2 / E2 / E2 / E2 / E2 / E2 / E2 / E2 / E2 / E2 / E2 / E2 / E2 / E2 / E2 / E2 / E2 / E2 / E2 / E2 / E2 / E2 / E2 / E2 / E2 / E2 / E2 / E2 / E2 / E2 / E2 / E2 / E2 / E2 / E2 / E2 / E2 / E2 / E2 / E2 / E2 / E2 / E2 / E2 / E2 / E2 / E2 / E2 / E2 / E2 /
A33: {=IFERROR(INDEX('Espesor E2'!A9:A58, SMALL(IF('Espesor E2'!J9:J58>=0.2, ROW('Espesor E2'!J9:J58)-ROW('Espesor E2'!A9)+1), ROW(1:1))), "N/A")} -> N/A | B33: =VLOOKUP($A33,'Espesor E2'!$A$9:$J$58,2,FALSE) -> #N/A | C33: =VLOOKUP($A33,'Espesor E2'!$A$9:$J$58,3,FALSE) -> #N/A | D33: =VLOOKUP($A33,'Espesor E2'!$A$9:$J$58,4,FALSE) -> #N/A | E33: =VLOOKUP($A33,'Espesor E2'!$A$9:$J$58,5,FALSE) -> #N/A | F33: =VLOOKUP($A33,'Espesor E2'!$A$9:$J$58,6,FALSE) -> #N/A | G33: =VLOOKUP($A33,'Espesor E2'!$A$9:$J$58,7,FALSE) -> #N/A | H33: =IF(D33="2D",(F33*(0.8+($C$8/14000)))/(36+9*G33),F33/E33) -> #N/A | I33: Usar h = | J33: =MAX(0.12,H33) -> #N/A | K33: =VLOOKUP($A33,'Espesor E2'!$A$9:$J$58,10,FALSE) -> #N/A | L33: 0.05 | M33: =IF(D33="2D",IF(B33<C33,INT(B33/($N$3+$N$5)),INT(B33/($N$3+$N$4))),IF(B33>C33,INT(B33/($L$3+$L$4)),INT(B33/$L$5))) -> #N/A | N33: =IF(D33="2D",IF(C33<B33,INT(C33/($N$3+$N$5)),INT(C33/($N$3+$N$4))),IF(C33>B33,INT(C33/($L$3+$L$4)),INT(C33/$L$5))) -> #N/A | O33: =M33*N33 -> #N/A | P33: =O33*(IF(D33="1D",($L$4*$L$5),($N$4*$N$5)))*(K33-L33) -> #N/A | Q33: =K33*B33*C33 -> #N/A | R33: =Q33-P33 -> #N/A | S33: =R33/(B33*C33) -> #N/A | T33: =$T$7*$T$8*$T$8*$T$8/12 -> 857500 | U33: =T33 -> 857500 | V33: =(C33*100/2)*(J33*J33*J33*1000000)/12 -> #N/A | W33: =(B33*100/2)*(J33*J33*J33*1000000)/12 -> #N/A | X33: =T33/V33 -> #N/A | Y33: =U33/W33 -> #N/A | Z33: =(X33*2+Y33*2)/4 -> #N/A | AA33: =IF(Z33>2,"OK","CHK") -> #N/A | AB33: =(F33*(0.8+($C$9/14000)))/(36+5*G33*(0.2-0.12)) -> #N/A
A34: {=IFERROR(INDEX('Espesor E2'!A10:A59, SMALL(IF('Espesor E2'!J10:J59>=0.2, ROW('Espesor E2'!J10:J59)-ROW('Espesor E2'!A10)+1), ROW(2:2))), "N/A")} -> N/A | B34: =VLOOKUP($A34,'Espesor E2'!$A$9:$J$58,2,FALSE) -> #N/A | C34: =VLOOKUP($A34,'Espesor E2'!$A$9:$J$58,3,FALSE) -> #N/A | D34: =VLOOKUP($A34,'Espesor E2'!$A$9:$J$58,4,FALSE) -> #N/A | E34: =VLOOKUP($A34,'Espesor E2'!$A$9:$J$58,5,FALSE) -> #N/A | F34: =VLOOKUP($A34,'Espesor E2'!$A$9:$J$58,6,FALSE) -> #N/A | G34: =VLOOKUP($A34,'Espesor E2'!$A$9:$J$58,7,FALSE) -> #N/A | H34: =IF(D34="2D",(F34*(0.8+($C$8/14000)))/(36+9*G34),F34/E34) -> #N/A | I34: Usar h = | J34: =MAX(0.12,H34) -> #N/A | K34: =VLOOKUP($A34,'Espesor E2'!$A$9:$J$58,10,FALSE) -> #N/A | L34: 0.05 | M34: =IF(D34="2D",IF(B34<C34,INT(B34/($N$3+$N$5)),INT(B34/($N$3+$N$4))),IF(B34>C34,INT(B34/($L$3+$L$4)),INT(B34/$L$5))) -> #N/A | N34: =IF(D34="2D",IF(C34<B34,INT(C34/($N$3+$N$5)),INT(C34/($N$3+$N$4))),IF(C34>B34,INT(C34/($L$3+$L$4)),INT(C34/$L$5))) -> #N/A | O34: =M34*N34 -> #N/A | P34: =O34*(IF(D34="1D",($L$4*$L$5),($N$4*$N$5)))*(K34-L34) -> #N/A | Q34: =K34*B34*C34 -> #N/A | R34: =Q34-P34 -> #N/A | S34: =R34/(B34*C34) -> #N/A | T34: =$T$7*$T$8*$T$8*$T$8/12 -> 857500 | U34: =T34 -> 857500 | V34: =(C34*100/2)*(J34*J34*J34*1000000)/12 -> #N/A | W34: =(B34*100/2)*(J34*J34*J34*1000000)/12 -> #N/A | X34: =T34/V34 -> #N/A | Y34: =U34/W34 -> #N/A | Z34: =(X34*2+Y34*2)/4 -> #N/A | AA34: =IF(Z34>2,"OK","CHK") -> #N/A | AB34: =(F34*(0.8+($C$9/14000)))/(36+5*G34*(0.2-0.12)) -> #N/A
A35: {=IFERROR(INDEX('Espesor E2'!A11:A60, SMALL(IF('Espesor E2'!J11:J60>=0.2, ROW('Espesor E2'!J11:J60)-ROW('Espesor E2'!A11)+1), ROW(3:3))), "N/A")} -> N/A | B35: =VLOOKUP($A35,'Espesor E2'!$A$9:$J$58,2,FALSE) -> #N/A | C35: =VLOOKUP($A35,'Espesor E2'!$A$9:$J$58,3,FALSE) -> #N/A | D35: =VLOOKUP($A35,'Espesor E2'!$A$9:$J$58,4,FALSE) -> #N/A | E35: =VLOOKUP($A35,'Espesor E2'!$A$9:$J$58,5,FALSE) -> #N/A | F35: =VLOOKUP($A35,'Espesor E2'!$A$9:$J$58,6,FALSE) -> #N/A | G35: =VLOOKUP($A35,'Espesor E2'!$A$9:$J$58,7,FALSE) -> #N/A | H35: =IF(D35="2D",(F35*(0.8+($C$8/14000)))/(36+9*G35),F35/E35) -> #N/A | I35: Usar h = | J35: =MAX(0.12,H35) -> #N/A | K35: =VLOOKUP($A35,'Espesor E2'!$A$9:$J$58,10,FALSE) -> #N/A | L35: 0.05 | M35: =IF(D35="2D",IF(B35<C35,INT(B35/($N$3+$N$5)),INT(B35/($N$3+$N$4))),IF(B35>C35,INT(B35/($L$3+$L$4)),INT(B35/$L$5))) -> #N/A | N35: =IF(D35="2D",IF(C35<B35,INT(C35/($N$3+$N$5)),INT(C35/($N$3+$N$4))),IF(C35>B35,INT(C35/($L$3+$L$4)),INT(C35/$L$5))) -> #N/A | O35: =M35*N35 -> #N/A | P35: =O35*(IF(D35="1D",($L$4*$L$5),($N$4*$N$5)))*(K35-L35) -> #N/A | Q35: =K35*B35*C35 -> #N/A | R35: =Q35-P35 -> #N/A | S35: =R35/(B35*C35) -> #N/A | T35: =$T$7*$T$8*$T$8*$T$8/12 -> 857500 | U35: =T35 -> 857500 | V35: =(C35*100/2)*(J35*J35*J35*1000000)/12 -> #N/A | W35: =(B35*100/2)*(J35*J35*J35*1000000)/12 -> #N/A | X35: =T35/V35 -> #N/A | Y35: =U35/W35 -> #N/A | Z35: =(X35*2+Y35*2)/4 -> #N/A | AA35: =IF(Z35>2,"OK","CHK") -> #N/A | AB35: =(F35*(0.8+($C$9/14000)))/(36+5*G35*(0.2-0.12)) -> #N/A
A36: {=IFERROR(INDEX('Espesor E2'!A12:A61, SMALL(IF('Espesor E2'!J12:J61>=0.2, ROW('Espesor E2'!J12:J61)-ROW('Espesor E2'!A12)+1), ROW(4:4))), "N/A")} -> N/A | B36: =VLOOKUP($A36,'Espesor E2'!$A$9:$J$58,2,FALSE) -> #N/A | C36: =VLOOKUP($A36,'Espesor E2'!$A$9:$J$58,3,FALSE) -> #N/A | D36: =VLOOKUP($A36,'Espesor E2'!$A$9:$J$58,4,FALSE) -> #N/A | E36: =VLOOKUP($A36,'Espesor E2'!$A$9:$J$58,5,FALSE) -> #N/A | F36: =VLOOKUP($A36,'Espesor E2'!$A$9:$J$58,6,FALSE) -> #N/A | G36: =VLOOKUP($A36,'Espesor E2'!$A$9:$J$58,7,FALSE) -> #N/A | H36: =IF(D36="2D",(F36*(0.8+($C$8/14000)))/(36+9*G36),F36/E36) -> #N/A | I36: Usar h = | J36: =MAX(0.12,H36) -> #N/A | K36: =VLOOKUP($A36,'Espesor E2'!$A$9:$J$58,10,FALSE) -> #N/A | L36: 0.05 | M36: =IF(D36="2D",IF(B36<C36,INT(B36/($N$3+$N$5)),INT(B36/($N$3+$N$4))),IF(B36>C36,INT(B36/($L$3+$L$4)),INT(B36/$L$5))) -> #N/A | N36: =IF(D36="2D",IF(C36<B36,INT(C36/($N$3+$N$5)),INT(C36/($N$3+$N$4))),IF(C36>B36,INT(C36/($L$3+$L$4)),INT(C36/$L$5))) -> #N/A | O36: =M36*N36 -> #N/A | P36: =O36*(IF(D36="1D",($L$4*$L$5),($N$4*$N$5)))*(K36-L36) -> #N/A | Q36: =K36*B36*C36 -> #N/A | R36: =Q36-P36 -> #N/A | S36: =R36/(B36*C36) -> #N/A | T36: =$T$7*$T$8*$T$8*$T$8/12 -> 857500 | U36: =T36 -> 857500 | V36: =(C36*100/2)*(J36*J36*J36*1000000)/12 -> #N/A | W36: =(B36*100/2)*(J36*J36*J36*1000000)/12 -> #N/A | X36: =T36/V36 -> #N/A | Y36: =U36/W36 -> #N/A | Z36: =(X36*2+Y36*2)/4 -> #N/A | AA36: =IF(Z36>2,"OK","CHK") -> #N/A | AB36: =(F36*(0.8+($C$9/14000)))/(36+5*G36*(0.2-0.12)) -> #N/A
A37: {=IFERROR(INDEX('Espesor E2'!A13:A62, SMALL(IF('Espesor E2'!J13:J62>=0.2, ROW('Espesor E2'!J13:J62)-ROW('Espesor E2'!A13)+1), ROW(5:5))), "N/A")} -> N/A | B37: =VLOOKUP($A37,'Espesor E2'!$A$9:$J$58,2,FALSE) -> #N/A | C37: =VLOOKUP($A37,'Espesor E2'!$A$9:$J$58,3,FALSE) -> #N/A | D37: =VLOOKUP($A37,'Espesor E2'!$A$9:$J$58,4,FALSE) -> #N/A | E37: =VLOOKUP($A37,'Espesor E2'!$A$9:$J$58,5,FALSE) -> #N/A | F37: =VLOOKUP($A37,'Espesor E2'!$A$9:$J$58,6,FALSE) -> #N/A | G37: =VLOOKUP($A37,'Espesor E2'!$A$9:$J$58,7,FALSE) -> #N/A | H37: =IF(D37="2D",(F37*(0.8+($C$8/14000)))/(36+9*G37),F37/E37) -> #N/A | I37: Usar h = | J37: =MAX(0.12,H37) -> #N/A | K37: =VLOOKUP($A37,'Espesor E2'!$A$9:$J$58,10,FALSE) -> #N/A | L37: 0.05 | M37: =IF(D37="2D",IF(B37<C37,INT(B37/($N$3+$N$5)),INT(B37/($N$3+$N$4))),IF(B37>C37,INT(B37/($L$3+$L$4)),INT(B37/$L$5))) -> #N/A | N37: =IF(D37="2D",IF(C37<B37,INT(C37/($N$3+$N$5)),INT(C37/($N$3+$N$4))),IF(C37>B37,INT(C37/($L$3+$L$4)),INT(C37/$L$5))) -> #N/A | O37: =M37*N37 -> #N/A | P37: =O37*(IF(D37="1D",($L$4*$L$5),($N$4*$N$5)))*(K37-L37) -> #N/A | Q37: =K37*B37*C37 -> #N/A | R37: =Q37-P37 -> #N/A | S37: =R37/(B37*C37) -> #N/A | T37: =$T$7*$T$8*$T$8*$T$8/12 -> 857500 | U37: =T37 -> 857500 | V37: =(C37*100/2)*(J37*J37*J37*1000000)/12 -> #N/A | W37: =(B37*100/2)*(J37*J37*J37*1000000)/12 -> #N/A | X37: =T37/V37 -> #N/A | Y37: =U37/W37 -> #N/A | Z37: =(X37*2+Y37*2)/4 -> #N/A | AA37: =IF(Z37>2,"OK","CHK") -> #N/A | AB37: =(F37*(0.8+($C$9/14000)))/(36+5*G37*(0.2-0.12)) -> #N/A
A38: {=IFERROR(INDEX('Espesor E2'!A14:A63, SMALL(IF('Espesor E2'!J14:J63>=0.2, ROW('Espesor E2'!J14:J63)-ROW('Espesor E2'!A14)+1), ROW(6:6))), "N/A")} -> N/A | B38: =VLOOKUP($A38,'Espesor E2'!$A$9:$J$58,2,FALSE) -> #N/A | C38: =VLOOKUP($A38,'Espesor E2'!$A$9:$J$58,3,FALSE) -> #N/A | D38: =VLOOKUP($A38,'Espesor E2'!$A$9:$J$58,4,FALSE) -> #N/A | E38: =VLOOKUP($A38,'Espesor E2'!$A$9:$J$58,5,FALSE) -> #N/A | F38: =VLOOKUP($A38,'Espesor E2'!$A$9:$J$58,6,FALSE) -> #N/A | G38: =VLOOKUP($A38,'Espesor E2'!$A$9:$J$58,7,FALSE) -> #N/A | H38: =IF(D38="2D",(F38*(0.8+($C$8/14000)))/(36+9*G38),F38/E38) -> #N/A | I38: Usar h = | J38: =MAX(0.12,H38) -> #N/A | K38: =VLOOKUP($A38,'Espesor E2'!$A$9:$J$58,10,FALSE) -> #N/A | L38: 0.05 | M38: =IF(D38="2D",IF(B38<C38,INT(B38/($N$3+$N$5)),INT(B38/($N$3+$N$4))),IF(B38>C38,INT(B38/($L$3+$L$4)),INT(B38/$L$5))) -> #N/A | N38: =IF(D38="2D",IF(C38<B38,INT(C38/($N$3+$N$5)),INT(C38/($N$3+$N$4))),IF(C38>B38,INT(C38/($L$3+$L$4)),INT(C38/$L$5))) -> #N/A | O38: =M38*N38 -> #N/A | P38: =O38*(IF(D38="1D",($L$4*$L$5),($N$4*$N$5)))*(K38-L38) -> #N/A | Q38: =K38*B38*C38 -> #N/A | R38: =Q38-P38 -> #N/A | S38: =R38/(B38*C38) -> #N/A | T38: =$T$7*$T$8*$T$8*$T$8/12 -> 857500 | U38: =T38 -> 857500 | V38: =(C38*100/2)*(J38*J38*J38*1000000)/12 -> #N/A | W38: =(B38*100/2)*(J38*J38*J38*1000000)/12 -> #N/A | X38: =T38/V38 -> #N/A | Y38: =U38/W38 -> #N/A | Z38: =(X38*2+Y38*2)/4 -> #N/A | AA38: =IF(Z38>2,"OK","CHK") -> #N/A | AB38: =(F38*(0.8+($C$9/14000)))/(36+5*G38*(0.2-0.12)) -> #N/A
A39: {=IFERROR(INDEX('Espesor E2'!A15:A64, SMALL(IF('Espesor E2'!J15:J64>=0.2, ROW('Espesor E2'!J15:J64)-ROW('Espesor E2'!A15)+1), ROW(7:7))), "N/A")} -> N/A | B39: =VLOOKUP($A39,'Espesor E2'!$A$9:$J$58,2,FALSE) -> #N/A | C39: =VLOOKUP($A39,'Espesor E2'!$A$9:$J$58,3,FALSE) -> #N/A | D39: =VLOOKUP($A39,'Espesor E2'!$A$9:$J$58,4,FALSE) -> #N/A | E39: =VLOOKUP($A39,'Espesor E2'!$A$9:$J$58,5,FALSE) -> #N/A | F39: =VLOOKUP($A39,'Espesor E2'!$A$9:$J$58,6,FALSE) -> #N/A | G39: =VLOOKUP($A39,'Espesor E2'!$A$9:$J$58,7,FALSE) -> #N/A | H39: =IF(D39="2D",(F39*(0.8+($C$8/14000)))/(36+9*G39),F39/E39) -> #N/A | I39: Usar h = | J39: =MAX(0.12,H39) -> #N/A | K39: =VLOOKUP($A39,'Espesor E2'!$A$9:$J$58,10,FALSE) -> #N/A | L39: 0.05 | M39: =IF(D39="2D",IF(B39<C39,INT(B39/($N$3+$N$5)),INT(B39/($N$3+$N$4))),IF(B39>C39,INT(B39/($L$3+$L$4)),INT(B39/$L$5))) -> #N/A | N39: =IF(D39="2D",IF(C39<B39,INT(C39/($N$3+$N$5)),INT(C39/($N$3+$N$4))),IF(C39>B39,INT(C39/($L$3+$L$4)),INT(C39/$L$5))) -> #N/A | O39: =M39*N39 -> #N/A | P39: =O39*(IF(D39="1D",($L$4*$L$5),($N$4*$N$5)))*(K39-L39) -> #N/A | Q39: =K39*B39*C39 -> #N/A | R39: =Q39-P39 -> #N/A | S39: =R39/(B39*C39) -> #N/A | T39: =$T$7*$T$8*$T$8*$T$8/12 -> 857500 | U39: =T39 -> 857500 | V39: =(C39*100/2)*(J39*J39*J39*1000000)/12 -> #N/A | W39: =(B39*100/2)*(J39*J39*J39*1000000)/12 -> #N/A | X39: =T39/V39 -> #N/A | Y39: =U39/W39 -> #N/A | Z39: =(X39*2+Y39*2)/4 -> #N/A | AA39: =IF(Z39>2,"OK","CHK") -> #N/A | AB39: =(F39*(0.8+($C$9/14000)))/(36+5*G39*(0.2-0.12)) -> #N/A
A40: {=IFERROR(INDEX('Espesor E2'!A16:A65, SMALL(IF('Espesor E2'!J16:J65>=0.2, ROW('Espesor E2'!J16:J65)-ROW('Espesor E2'!A16)+1), ROW(8:8))), "N/A")} -> N/A | B40: =VLOOKUP($A40,'Espesor E2'!$A$9:$J$58,2,FALSE) -> #N/A | C40: =VLOOKUP($A40,'Espesor E2'!$A$9:$J$58,3,FALSE) -> #N/A | D40: =VLOOKUP($A40,'Espesor E2'!$A$9:$J$58,4,FALSE) -> #N/A | E40: =VLOOKUP($A40,'Espesor E2'!$A$9:$J$58,5,FALSE) -> #N/A | F40: =VLOOKUP($A40,'Espesor E2'!$A$9:$J$58,6,FALSE) -> #N/A | G40: =VLOOKUP($A40,'Espesor E2'!$A$9:$J$58,7,FALSE) -> #N/A | H40: =IF(D40="2D",(F40*(0.8+($C$8/14000)))/(36+9*G40),F40/E40) -> #N/A | I40: Usar h = | J40: =MAX(0.12,H40) -> #N/A | K40: =VLOOKUP($A40,'Espesor E2'!$A$9:$J$58,10,FALSE) -> #N/A | L40: 0.05 | M40: =IF(D40="2D",IF(B40<C40,INT(B40/($N$3+$N$5)),INT(B40/($N$3+$N$4))),IF(B40>C40,INT(B40/($L$3+$L$4)),INT(B40/$L$5))) -> #N/A | N40: =IF(D40="2D",IF(C40<B40,INT(C40/($N$3+$N$5)),INT(C40/($N$3+$N$4))),IF(C40>B40,INT(C40/($L$3+$L$4)),INT(C40/$L$5))) -> #N/A | O40: =M40*N40 -> #N/A | P40: =O40*(IF(D40="1D",($L$4*$L$5),($N$4*$N$5)))*(K40-L40) -> #N/A | Q40: =K40*B40*C40 -> #N/A | R40: =Q40-P40 -> #N/A | S40: =R40/(B40*C40) -> #N/A | T40: =$T$7*$T$8*$T$8*$T$8/12 -> 857500 | U40: =T40 -> 857500 | V40: =(C40*100/2)*(J40*J40*J40*1000000)/12 -> #N/A | W40: =(B40*100/2)*(J40*J40*J40*1000000)/12 -> #N/A | X40: =T40/V40 -> #N/A | Y40: =U40/W40 -> #N/A | Z40: =(X40*2+Y40*2)/4 -> #N/A | AA40: =IF(Z40>2,"OK","CHK") -> #N/A | AB40: =(F40*(0.8+($C$9/14000)))/(36+5*G40*(0.2-0.12)) -> #N/A
A41: {=IFERROR(INDEX('Espesor E2'!A17:A66, SMALL(IF('Espesor E2'!J17:J66>=0.2, ROW('Espesor E2'!J17:J66)-ROW('Espesor E2'!A17)+1), ROW(9:9))), "N/A")} -> N/A | B41: =VLOOKUP($A41,'Espesor E2'!$A$9:$J$58,2,FALSE) -> #N/A | C41: =VLOOKUP($A41,'Espesor E2'!$A$9:$J$58,3,FALSE) -> #N/A | D41: =VLOOKUP($A41,'Espesor E2'!$A$9:$J$58,4,FALSE) -> #N/A | E41: =VLOOKUP($A41,'Espesor E2'!$A$9:$J$58,5,FALSE) -> #N/A | F41: =VLOOKUP($A41,'Espesor E2'!$A$9:$J$58,6,FALSE) -> #N/A | G41: =VLOOKUP($A41,'Espesor E2'!$A$9:$J$58,7,FALSE) -> #N/A | H41: =IF(D41="2D",(F41*(0.8+($C$8/14000)))/(36+9*G41),F41/E41) -> #N/A | I41: Usar h = | J41: =MAX(0.12,H41) -> #N/A | K41: =VLOOKUP($A41,'Espesor E2'!$A$9:$J$58,10,FALSE) -> #N/A | L41: 0.05 | M41: =IF(D41="2D",IF(B41<C41,INT(B41/($N$3+$N$5)),INT(B41/($N$3+$N$4))),IF(B41>C41,INT(B41/($L$3+$L$4)),INT(B41/$L$5))) -> #N/A | N41: =IF(D41="2D",IF(C41<B41,INT(C41/($N$3+$N$5)),INT(C41/($N$3+$N$4))),IF(C41>B41,INT(C41/($L$3+$L$4)),INT(C41/$L$5))) -> #N/A | O41: =M41*N41 -> #N/A | P41: =O41*(IF(D41="1D",($L$4*$L$5),($N$4*$N$5)))*(K41-L41) -> #N/A | Q41: =K41*B41*C41 -> #N/A | R41: =Q41-P41 -> #N/A | S41: =R41/(B41*C41) -> #N/A | T41: =$T$7*$T$8*$T$8*$T$8/12 -> 857500 | U41: =T41 -> 857500 | V41: =(C41*100/2)*(J41*J41*J41*1000000)/12 -> #N/A | W41: =(B41*100/2)*(J41*J41*J41*1000000)/12 -> #N/A | X41: =T41/V41 -> #N/A | Y41: =U41/W41 -> #N/A | Z41: =(X41*2+Y41*2)/4 -> #N/A | AA41: =IF(Z41>2,"OK","CHK") -> #N/A | AB41: =(F41*(0.8+($C$9/14000)))/(36+5*G41*(0.2-0.12)) -> #N/A
A42: {=IFERROR(INDEX('Espesor E2'!A18:A67, SMALL(IF('Espesor E2'!J18:J67>=0.2, ROW('Espesor E2'!J18:J67)-ROW('Espesor E2'!A18)+1), ROW(10:10))), "N/A")} -> N/A | B42: =VLOOKUP($A42,'Espesor E2'!$A$9:$J$58,2,FALSE) -> #N/A | C42: =VLOOKUP($A42,'Espesor E2'!$A$9:$J$58,3,FALSE) -> #N/A | D42: =VLOOKUP($A42,'Espesor E2'!$A$9:$J$58,4,FALSE) -> #N/A | E42: =VLOOKUP($A42,'Espesor E2'!$A$9:$J$58,5,FALSE) -> #N/A | F42: =VLOOKUP($A42,'Espesor E2'!$A$9:$J$58,6,FALSE) -> #N/A | G42: =VLOOKUP($A42,'Espesor E2'!$A$9:$J$58,7,FALSE) -> #N/A | H42: =IF(D42="2D",(F42*(0.8+($C$8/14000)))/(36+9*G42),F42/E42) -> #N/A | I42: Usar h = | J42: =MAX(0.12,H42) -> #N/A | K42: =VLOOKUP($A42,'Espesor E2'!$A$9:$J$58,10,FALSE) -> #N/A | L42: 0.05 | M42: =IF(D42="2D",IF(B42<C42,INT(B42/($N$3+$N$5)),INT(B42/($N$3+$N$4))),IF(B42>C42,INT(B42/($L$3+$L$4)),INT(B42/$L$5))) -> #N/A | N42: =IF(D42="2D",IF(C42<B42,INT(C42/($N$3+$N$5)),INT(C42/($N$3+$N$4))),IF(C42>B42,INT(C42/($L$3+$L$4)),INT(C42/$L$5))) -> #N/A | O42: =M42*N42 -> #N/A | P42: =O42*(IF(D42="1D",($L$4*$L$5),($N$4*$N$5)))*(K42-L42) -> #N/A | Q42: =K42*B42*C42 -> #N/A | R42: =Q42-P42 -> #N/A | S42: =R42/(B42*C42) -> #N/A | T42: =$T$7*$T$8*$T$8*$T$8/12 -> 857500 | U42: =T42 -> 857500 | V42: =(C42*100/2)*(J42*J42*J42*1000000)/12 -> #N/A | W42: =(B42*100/2)*(J42*J42*J42*1000000)/12 -> #N/A | X42: =T42/V42 -> #N/A | Y42: =U42/W42 -> #N/A | Z42: =(X42*2+Y42*2)/4 -> #N/A | AA42: =IF(Z42>2,"OK","CHK") -> #N/A | AB42: =(F42*(0.8+($C$9/14000)))/(36+5*G42*(0.2-0.12)) -> #N/A
A43: {=IFERROR(INDEX('Espesor E2'!A19:A68, SMALL(IF('Espesor E2'!J19:J68>=0.2, ROW('Espesor E2'!J19:J68)-ROW('Espesor E2'!A19)+1), ROW(11:11))), "N/A")} -> N/A | B43: =VLOOKUP($A43,'Espesor E2'!$A$9:$J$58,2,FALSE) -> #N/A | C43: =VLOOKUP($A43,'Espesor E2'!$A$9:$J$58,3,FALSE) -> #N/A | D43: =VLOOKUP($A43,'Espesor E2'!$A$9:$J$58,4,FALSE) -> #N/A | E43: =VLOOKUP($A43,'Espesor E2'!$A$9:$J$58,5,FALSE) -> #N/A | F43: =VLOOKUP($A43,'Espesor E2'!$A$9:$J$58,6,FALSE) -> #N/A | G43: =VLOOKUP($A43,'Espesor E2'!$A$9:$J$58,7,FALSE) -> #N/A | H43: =IF(D43="2D",(F43*(0.8+($C$8/14000)))/(36+9*G43),F43/E43) -> #N/A | I43: Usar h = | J43: =MAX(0.12,H43) -> #N/A | K43: =VLOOKUP($A43,'Espesor E2'!$A$9:$J$58,10,FALSE) -> #N/A | L43: 0.05 | M43: =IF(D43="2D",IF(B43<C43,INT(B43/($N$3+$N$5)),INT(B43/($N$3+$N$4))),IF(B43>C43,INT(B43/($L$3+$L$4)),INT(B43/$L$5))) -> #N/A | N43: =IF(D43="2D",IF(C43<B43,INT(C43/($N$3+$N$5)),INT(C43/($N$3+$N$4))),IF(C43>B43,INT(C43/($L$3+$L$4)),INT(C43/$L$5))) -> #N/A | O43: =M43*N43 -> #N/A | P43: =O43*(IF(D43="1D",($L$4*$L$5),($N$4*$N$5)))*(K43-L43) -> #N/A | Q43: =K43*B43*C43 -> #N/A | R43: =Q43-P43 -> #N/A | S43: =R43/(B43*C43) -> #N/A | T43: =$T$7*$T$8*$T$8*$T$8/12 -> 857500 | U43: =T43 -> 857500 | V43: =(C43*100/2)*(J43*J43*J43*1000000)/12 -> #N/A | W43: =(B43*100/2)*(J43*J43*J43*1000000)/12 -> #N/A | X43: =T43/V43 -> #N/A | Y43: =U43/W43 -> #N/A | Z43: =(X43*2+Y43*2)/4 -> #N/A | AA43: =IF(Z43>2,"OK","CHK") -> #N/A | AB43: =(F43*(0.8+($C$9/14000)))/(36+5*G43*(0.2-0.12)) -> #N/A
A44: {=IFERROR(INDEX('Espesor E2'!A20:A69, SMALL(IF('Espesor E2'!J20:J69>=0.2, ROW('Espesor E2'!J20:J69)-ROW('Espesor E2'!A20)+1), ROW(12:12))), "N/A")} -> N/A | B44: =VLOOKUP($A44,'Espesor E2'!$A$9:$J$58,2,FALSE) -> #N/A | C44: =VLOOKUP($A44,'Espesor E2'!$A$9:$J$58,3,FALSE) -> #N/A | D44: =VLOOKUP($A44,'Espesor E2'!$A$9:$J$58,4,FALSE) -> #N/A | E44: =VLOOKUP($A44,'Espesor E2'!$A$9:$J$58,5,FALSE) -> #N/A | F44: =VLOOKUP($A44,'Espesor E2'!$A$9:$J$58,6,FALSE) -> #N/A | G44: =VLOOKUP($A44,'Espesor E2'!$A$9:$J$58,7,FALSE) -> #N/A | H44: =IF(D44="2D",(F44*(0.8+($C$8/14000)))/(36+9*G44),F44/E44) -> #N/A | I44: Usar h = | J44: =MAX(0.12,H44) -> #N/A | K44: =VLOOKUP($A44,'Espesor E2'!$A$9:$J$58,10,FALSE) -> #N/A | L44: 0.05 | M44: =IF(D44="2D",IF(B44<C44,INT(B44/($N$3+$N$5)),INT(B44/($N$3+$N$4))),IF(B44>C44,INT(B44/($L$3+$L$4)),INT(B44/$L$5))) -> #N/A | N44: =IF(D44="2D",IF(C44<B44,INT(C44/($N$3+$N$5)),INT(C44/($N$3+$N$4))),IF(C44>B44,INT(C44/($L$3+$L$4)),INT(C44/$L$5))) -> #N/A | O44: =M44*N44 -> #N/A | P44: =O44*(IF(D44="1D",($L$4*$L$5),($N$4*$N$5)))*(K44-L44) -> #N/A | Q44: =K44*B44*C44 -> #N/A | R44: =Q44-P44 -> #N/A | S44: =R44/(B44*C44) -> #N/A | T44: =$T$7*$T$8*$T$8*$T$8/12 -> 857500 | U44: =T44 -> 857500 | V44: =(C44*100/2)*(J44*J44*J44*1000000)/12 -> #N/A | W44: =(B44*100/2)*(J44*J44*J44*1000000)/12 -> #N/A | X44: =T44/V44 -> #N/A | Y44: =U44/W44 -> #N/A | Z44: =(X44*2+Y44*2)/4 -> #N/A | AA44: =IF(Z44>2,"OK","CHK") -> #N/A | AB44: =(F44*(0.8+($C$9/14000)))/(36+5*G44*(0.2-0.12)) -> #N/A
A45: {=IFERROR(INDEX('Espesor E2'!A21:A70, SMALL(IF('Espesor E2'!J21:J70>=0.2, ROW('Espesor E2'!J21:J70)-ROW('Espesor E2'!A21)+1), ROW(13:13))), "N/A")} -> N/A | B45: =VLOOKUP($A45,'Espesor E2'!$A$9:$J$58,2,FALSE) -> #N/A | C45: =VLOOKUP($A45,'Espesor E2'!$A$9:$J$58,3,FALSE) -> #N/A | D45: =VLOOKUP($A45,'Espesor E2'!$A$9:$J$58,4,FALSE) -> #N/A | E45: =VLOOKUP($A45,'Espesor E2'!$A$9:$J$58,5,FALSE) -> #N/A | F45: =VLOOKUP($A45,'Espesor E2'!$A$9:$J$58,6,FALSE) -> #N/A | G45: =VLOOKUP($A45,'Espesor E2'!$A$9:$J$58,7,FALSE) -> #N/A | H45: =IF(D45="2D",(F45*(0.8+($C$8/14000)))/(36+9*G45),F45/E45) -> #N/A | I45: Usar h = | J45: =MAX(0.12,H45) -> #N/A | K45: =VLOOKUP($A45,'Espesor E2'!$A$9:$J$58,10,FALSE) -> #N/A | L45: 0.05 | M45: =IF(D45="2D",IF(B45<C45,INT(B45/($N$3+$N$5)),INT(B45/($N$3+$N$4))),IF(B45>C45,INT(B45/($L$3+$L$4)),INT(B45/$L$5))) -> #N/A | N45: =IF(D45="2D",IF(C45<B45,INT(C45/($N$3+$N$5)),INT(C45/($N$3+$N$4))),IF(C45>B45,INT(C45/($L$3+$L$4)),INT(C45/$L$5))) -> #N/A | O45: =M45*N45 -> #N/A | P45: =O45*(IF(D45="1D",($L$4*$L$5),($N$4*$N$5)))*(K45-L45) -> #N/A | Q45: =K45*B45*C45 -> #N/A | R45: =Q45-P45 -> #N/A | S45: =R45/(B45*C45) -> #N/A | T45: =$T$7*$T$8*$T$8*$T$8/12 -> 857500 | U45: =T45 -> 857500 | V45: =(C45*100/2)*(J45*J45*J45*1000000)/12 -> #N/A | W45: =(B45*100/2)*(J45*J45*J45*1000000)/12 -> #N/A | X45: =T45/V45 -> #N/A | Y45: =U45/W45 -> #N/A | Z45: =(X45*2+Y45*2)/4 -> #N/A | AA45: =IF(Z45>2,"OK","CHK") -> #N/A | AB45: =(F45*(0.8+($C$9/14000)))/(36+5*G45*(0.2-0.12)) -> #N/A
A46: {=IFERROR(INDEX('Espesor E2'!A22:A71, SMALL(IF('Espesor E2'!J22:J71>=0.2, ROW('Espesor E2'!J22:J71)-ROW('Espesor E2'!A22)+1), ROW(14:14))), "N/A")} -> N/A | B46: =VLOOKUP($A46,'Espesor E2'!$A$9:$J$58,2,FALSE) -> #N/A | C46: =VLOOKUP($A46,'Espesor E2'!$A$9:$J$58,3,FALSE) -> #N/A | D46: =VLOOKUP($A46,'Espesor E2'!$A$9:$J$58,4,FALSE) -> #N/A | E46: =VLOOKUP($A46,'Espesor E2'!$A$9:$J$58,5,FALSE) -> #N/A | F46: =VLOOKUP($A46,'Espesor E2'!$A$9:$J$58,6,FALSE) -> #N/A | G46: =VLOOKUP($A46,'Espesor E2'!$A$9:$J$58,7,FALSE) -> #N/A | H46: =IF(D46="2D",(F46*(0.8+($C$8/14000)))/(36+9*G46),F46/E46) -> #N/A | I46: Usar h = | J46: =MAX(0.12,H46) -> #N/A | K46: =VLOOKUP($A46,'Espesor E2'!$A$9:$J$58,10,FALSE) -> #N/A | L46: 0.05 | M46: =IF(D46="2D",IF(B46<C46,INT(B46/($N$3+$N$5)),INT(B46/($N$3+$N$4))),IF(B46>C46,INT(B46/($L$3+$L$4)),INT(B46/$L$5))) -> #N/A | N46: =IF(D46="2D",IF(C46<B46,INT(C46/($N$3+$N$5)),INT(C46/($N$3+$N$4))),IF(C46>B46,INT(C46/($L$3+$L$4)),INT(C46/$L$5))) -> #N/A | O46: =M46*N46 -> #N/A | P46: =O46*(IF(D46="1D",($L$4*$L$5),($N$4*$N$5)))*(K46-L46) -> #N/A | Q46: =K46*B46*C46 -> #N/A | R46: =Q46-P46 -> #N/A | S46: =R46/(B46*C46) -> #N/A | T46: =$T$7*$T$8*$T$8*$T$8/12 -> 857500 | U46: =T46 -> 857500 | V46: =(C46*100/2)*(J46*J46*J46*1000000)/12 -> #N/A | W46: =(B46*100/2)*(J46*J46*J46*1000000)/12 -> #N/A | X46: =T46/V46 -> #N/A | Y46: =U46/W46 -> #N/A | Z46: =(X46*2+Y46*2)/4 -> #N/A | AA46: =IF(Z46>2,"OK","CHK") -> #N/A | AB46: =(F46*(0.8+($C$9/14000)))/(36+5*G46*(0.2-0.12)) -> #N/A
A47: {=IFERROR(INDEX('Espesor E2'!A23:A72, SMALL(IF('Espesor E2'!J23:J72>=0.2, ROW('Espesor E2'!J23:J72)-ROW('Espesor E2'!A23)+1), ROW(15:15))), "N/A")} -> N/A | B47: =VLOOKUP($A47,'Espesor E2'!$A$9:$J$58,2,FALSE) -> #N/A | C47: =VLOOKUP($A47,'Espesor E2'!$A$9:$J$58,3,FALSE) -> #N/A | D47: =VLOOKUP($A47,'Espesor E2'!$A$9:$J$58,4,FALSE) -> #N/A | E47: =VLOOKUP($A47,'Espesor E2'!$A$9:$J$58,5,FALSE) -> #N/A | F47: =VLOOKUP($A47,'Espesor E2'!$A$9:$J$58,6,FALSE) -> #N/A | G47: =VLOOKUP($A47,'Espesor E2'!$A$9:$J$58,7,FALSE) -> #N/A | H47: =IF(D47="2D",(F47*(0.8+($C$8/14000)))/(36+9*G47),F47/E47) -> #N/A | I47: Usar h = | J47: =MAX(0.12,H47) -> #N/A | K47: =VLOOKUP($A47,'Espesor E2'!$A$9:$J$58,10,FALSE) -> #N/A | L47: 0.05 | M47: =IF(D47="2D",IF(B47<C47,INT(B47/($N$3+$N$5)),INT(B47/($N$3+$N$4))),IF(B47>C47,INT(B47/($L$3+$L$4)),INT(B47/$L$5))) -> #N/A | N47: =IF(D47="2D",IF(C47<B47,INT(C47/($N$3+$N$5)),INT(C47/($N$3+$N$4))),IF(C47>B47,INT(C47/($L$3+$L$4)),INT(C47/$L$5))) -> #N/A | O47: =M47*N47 -> #N/A | P47: =O47*(IF(D47="1D",($L$4*$L$5),($N$4*$N$5)))*(K47-L47) -> #N/A | Q47: =K47*B47*C47 -> #N/A | R47: =Q47-P47 -> #N/A | S47: =R47/(B47*C47) -> #N/A | T47: =$T$7*$T$8*$T$8*$T$8/12 -> 857500 | U47: =T47 -> 857500 | V47: =(C47*100/2)*(J47*J47*J47*1000000)/12 -> #N/A | W47: =(B47*100/2)*(J47*J47*J47*1000000)/12 -> #N/A | X47: =T47/V47 -> #N/A | Y47: =U47/W47 -> #N/A | Z47: =(X47*2+Y47*2)/4 -> #N/A | AA47: =IF(Z47>2,"OK","CHK") -> #N/A | AB47: =(F47*(0.8+($C$9/14000)))/(36+5*G47*(0.2-0.12)) -> #N/A
A48: {=IFERROR(INDEX('Espesor E2'!A24:A73, SMALL(IF('Espesor E2'!J24:J73>=0.2, ROW('Espesor E2'!J24:J73)-ROW('Espesor E2'!A24)+1), ROW(16:16))), "N/A")} -> N/A | B48: =VLOOKUP($A48,'Espesor E2'!$A$9:$J$58,2,FALSE) -> #N/A | C48: =VLOOKUP($A48,'Espesor E2'!$A$9:$J$58,3,FALSE) -> #N/A | D48: =VLOOKUP($A48,'Espesor E2'!$A$9:$J$58,4,FALSE) -> #N/A | E48: =VLOOKUP($A48,'Espesor E2'!$A$9:$J$58,5,FALSE) -> #N/A | F48: =VLOOKUP($A48,'Espesor E2'!$A$9:$J$58,6,FALSE) -> #N/A | G48: =VLOOKUP($A48,'Espesor E2'!$A$9:$J$58,7,FALSE) -> #N/A | H48: =IF(D48="2D",(F48*(0.8+($C$8/14000)))/(36+9*G48),F48/E48) -> #N/A | I48: Usar h = | J48: =MAX(0.12,H48) -> #N/A | K48: =VLOOKUP($A48,'Espesor E2'!$A$9:$J$58,10,FALSE) -> #N/A | L48: 0.05 | M48: =IF(D48="2D",IF(B48<C48,INT(B48/($N$3+$N$5)),INT(B48/($N$3+$N$4))),IF(B48>C48,INT(B48/($L$3+$L$4)),INT(B48/$L$5))) -> #N/A | N48: =IF(D48="2D",IF(C48<B48,INT(C48/($N$3+$N$5)),INT(C48/($N$3+$N$4))),IF(C48>B48,INT(C48/($L$3+$L$4)),INT(C48/$L$5))) -> #N/A | O48: =M48*N48 -> #N/A | P48: =O48*(IF(D48="1D",($L$4*$L$5),($N$4*$N$5)))*(K48-L48) -> #N/A | Q48: =K48*B48*C48 -> #N/A | R48: =Q48-P48 -> #N/A | S48: =R48/(B48*C48) -> #N/A | T48: =$T$7*$T$8*$T$8*$T$8/12 -> 857500 | U48: =T48 -> 857500 | V48: =(C48*100/2)*(J48*J48*J48*1000000)/12 -> #N/A | W48: =(B48*100/2)*(J48*J48*J48*1000000)/12 -> #N/A | X48: =T48/V48 -> #N/A | Y48: =U48/W48 -> #N/A | Z48: =(X48*2+Y48*2)/4 -> #N/A | AA48: =IF(Z48>2,"OK","CHK") -> #N/A | AB48: =(F48*(0.8+($C$9/14000)))/(36+5*G48*(0.2-0.12)) -> #N/A
A49: {=IFERROR(INDEX('Espesor E2'!A25:A74, SMALL(IF('Espesor E2'!J25:J74>=0.2, ROW('Espesor E2'!J25:J74)-ROW('Espesor E2'!A25)+1), ROW(17:17))), "N/A")} -> N/A | B49: =VLOOKUP($A49,'Espesor E2'!$A$9:$J$58,2,FALSE) -> #N/A | C49: =VLOOKUP($A49,'Espesor E2'!$A$9:$J$58,3,FALSE) -> #N/A | D49: =VLOOKUP($A49,'Espesor E2'!$A$9:$J$58,4,FALSE) -> #N/A | E49: =VLOOKUP($A49,'Espesor E2'!$A$9:$J$58,5,FALSE) -> #N/A | F49: =VLOOKUP($A49,'Espesor E2'!$A$9:$J$58,6,FALSE) -> #N/A | G49: =VLOOKUP($A49,'Espesor E2'!$A$9:$J$58,7,FALSE) -> #N/A | H49: =IF(D49="2D",(F49*(0.8+($C$8/14000)))/(36+9*G49),F49/E49) -> #N/A | I49: Usar h = | J49: =MAX(0.12,H49) -> #N/A | K49: =VLOOKUP($A49,'Espesor E2'!$A$9:$J$58,10,FALSE) -> #N/A | L49: 0.05 | M49: =IF(D49="2D",IF(B49<C49,INT(B49/($N$3+$N$5)),INT(B49/($N$3+$N$4))),IF(B49>C49,INT(B49/($L$3+$L$4)),INT(B49/$L$5))) -> #N/A | N49: =IF(D49="2D",IF(C49<B49,INT(C49/($N$3+$N$5)),INT(C49/($N$3+$N$4))),IF(C49>B49,INT(C49/($L$3+$L$4)),INT(C49/$L$5))) -> #N/A | O49: =M49*N49 -> #N/A | P49: =O49*(IF(D49="1D",($L$4*$L$5),($N$4*$N$5)))*(K49-L49) -> #N/A | Q49: =K49*B49*C49 -> #N/A | R49: =Q49-P49 -> #N/A | S49: =R49/(B49*C49) -> #N/A | T49: =$T$7*$T$8*$T$8*$T$8/12 -> 857500 | U49: =T49 -> 857500 | V49: =(C49*100/2)*(J49*J49*J49*1000000)/12 -> #N/A | W49: =(B49*100/2)*(J49*J49*J49*1000000)/12 -> #N/A | X49: =T49/V49 -> #N/A | Y49: =U49/W49 -> #N/A | Z49: =(X49*2+Y49*2)/4 -> #N/A | AA49: =IF(Z49>2,"OK","CHK") -> #N/A | AB49: =(F49*(0.8+($C$9/14000)))/(36+5*G49*(0.2-0.12)) -> #N/A
A50: {=IFERROR(INDEX('Espesor E2'!A26:A75, SMALL(IF('Espesor E2'!J26:J75>=0.2, ROW('Espesor E2'!J26:J75)-ROW('Espesor E2'!A26)+1), ROW(18:18))), "N/A")} -> N/A | B50: =VLOOKUP($A50,'Espesor E2'!$A$9:$J$58,2,FALSE) -> #N/A | C50: =VLOOKUP($A50,'Espesor E2'!$A$9:$J$58,3,FALSE) -> #N/A | D50: =VLOOKUP($A50,'Espesor E2'!$A$9:$J$58,4,FALSE) -> #N/A | E50: =VLOOKUP($A50,'Espesor E2'!$A$9:$J$58,5,FALSE) -> #N/A | F50: =VLOOKUP($A50,'Espesor E2'!$A$9:$J$58,6,FALSE) -> #N/A | G50: =VLOOKUP($A50,'Espesor E2'!$A$9:$J$58,7,FALSE) -> #N/A | H50: =IF(D50="2D",(F50*(0.8+($C$8/14000)))/(36+9*G50),F50/E50) -> #N/A | I50: Usar h = | J50: =MAX(0.12,H50) -> #N/A | K50: =VLOOKUP($A50,'Espesor E2'!$A$9:$J$58,10,FALSE) -> #N/A | L50: 0.05 | M50: =IF(D50="2D",IF(B50<C50,INT(B50/($N$3+$N$5)),INT(B50/($N$3+$N$4))),IF(B50>C50,INT(B50/($L$3+$L$4)),INT(B50/$L$5))) -> #N/A | N50: =IF(D50="2D",IF(C50<B50,INT(C50/($N$3+$N$5)),INT(C50/($N$3+$N$4))),IF(C50>B50,INT(C50/($L$3+$L$4)),INT(C50/$L$5))) -> #N/A | O50: =M50*N50 -> #N/A | P50: =O50*(IF(D50="1D",($L$4*$L$5),($N$4*$N$5)))*(K50-L50) -> #N/A | Q50: =K50*B50*C50 -> #N/A | R50: =Q50-P50 -> #N/A | S50: =R50/(B50*C50) -> #N/A | T50: =$T$7*$T$8*$T$8*$T$8/12 -> 857500 | U50: =T50 -> 857500 | V50: =(C50*100/2)*(J50*J50*J50*1000000)/12 -> #N/A | W50: =(B50*100/2)*(J50*J50*J50*1000000)/12 -> #N/A | X50: =T50/V50 -> #N/A | Y50: =U50/W50 -> #N/A | Z50: =(X50*2+Y50*2)/4 -> #N/A | AA50: =IF(Z50>2,"OK","CHK") -> #N/A | AB50: =(F50*(0.8+($C$9/14000)))/(36+5*G50*(0.2-0.12)) -> #N/A
A51: {=IFERROR(INDEX('Espesor E2'!A27:A76, SMALL(IF('Espesor E2'!J27:J76>=0.2, ROW('Espesor E2'!J27:J76)-ROW('Espesor E2'!A27)+1), ROW(19:19))), "N/A")} -> N/A | B51: =VLOOKUP($A51,'Espesor E2'!$A$9:$J$58,2,FALSE) -> #N/A | C51: =VLOOKUP($A51,'Espesor E2'!$A$9:$J$58,3,FALSE) -> #N/A | D51: =VLOOKUP($A51,'Espesor E2'!$A$9:$J$58,4,FALSE) -> #N/A | E51: =VLOOKUP($A51,'Espesor E2'!$A$9:$J$58,5,FALSE) -> #N/A | F51: =VLOOKUP($A51,'Espesor E2'!$A$9:$J$58,6,FALSE) -> #N/A | G51: =VLOOKUP($A51,'Espesor E2'!$A$9:$J$58,7,FALSE) -> #N/A | H51: =IF(D51="2D",(F51*(0.8+($C$8/14000)))/(36+9*G51),F51/E51) -> #N/A | I51: Usar h = | J51: =MAX(0.12,H51) -> #N/A | K51: =VLOOKUP($A51,'Espesor E2'!$A$9:$J$58,10,FALSE) -> #N/A | L51: 0.05 | M51: =IF(D51="2D",IF(B51<C51,INT(B51/($N$3+$N$5)),INT(B51/($N$3+$N$4))),IF(B51>C51,INT(B51/($L$3+$L$4)),INT(B51/$L$5))) -> #N/A | N51: =IF(D51="2D",IF(C51<B51,INT(C51/($N$3+$N$5)),INT(C51/($N$3+$N$4))),IF(C51>B51,INT(C51/($L$3+$L$4)),INT(C51/$L$5))) -> #N/A | O51: =M51*N51 -> #N/A | P51: =O51*(IF(D51="1D",($L$4*$L$5),($N$4*$N$5)))*(K51-L51) -> #N/A | Q51: =K51*B51*C51 -> #N/A | R51: =Q51-P51 -> #N/A | S51: =R51/(B51*C51) -> #N/A | T51: =$T$7*$T$8*$T$8*$T$8/12 -> 857500 | U51: =T51 -> 857500 | V51: =(C51*100/2)*(J51*J51*J51*1000000)/12 -> #N/A | W51: =(B51*100/2)*(J51*J51*J51*1000000)/12 -> #N/A | X51: =T51/V51 -> #N/A | Y51: =U51/W51 -> #N/A | Z51: =(X51*2+Y51*2)/4 -> #N/A | AA51: =IF(Z51>2,"OK","CHK") -> #N/A | AB51: =(F51*(0.8+($C$9/14000)))/(36+5*G51*(0.2-0.12)) -> #N/A
A52: {=IFERROR(INDEX('Espesor E2'!A28:A77, SMALL(IF('Espesor E2'!J28:J77>=0.2, ROW('Espesor E2'!J28:J77)-ROW('Espesor E2'!A28)+1), ROW(20:20))), "N/A")} -> N/A | B52: =VLOOKUP($A52,'Espesor E2'!$A$9:$J$58,2,FALSE) -> #N/A | C52: =VLOOKUP($A52,'Espesor E2'!$A$9:$J$58,3,FALSE) -> #N/A | D52: =VLOOKUP($A52,'Espesor E2'!$A$9:$J$58,4,FALSE) -> #N/A | E52: =VLOOKUP($A52,'Espesor E2'!$A$9:$J$58,5,FALSE) -> #N/A | F52: =VLOOKUP($A52,'Espesor E2'!$A$9:$J$58,6,FALSE) -> #N/A | G52: =VLOOKUP($A52,'Espesor E2'!$A$9:$J$58,7,FALSE) -> #N/A | H52: =IF(D52="2D",(F52*(0.8+($C$8/14000)))/(36+9*G52),F52/E52) -> #N/A | I52: Usar h = | J52: =MAX(0.12,H52) -> #N/A | K52: =VLOOKUP($A52,'Espesor E2'!$A$9:$J$58,10,FALSE) -> #N/A | L52: 0.05 | M52: =IF(D52="2D",IF(B52<C52,INT(B52/($N$3+$N$5)),INT(B52/($N$3+$N$4))),IF(B52>C52,INT(B52/($L$3+$L$4)),INT(B52/$L$5))) -> #N/A | N52: =IF(D52="2D",IF(C52<B52,INT(C52/($N$3+$N$5)),INT(C52/($N$3+$N$4))),IF(C52>B52,INT(C52/($L$3+$L$4)),INT(C52/$L$5))) -> #N/A | O52: =M52*N52 -> #N/A | P52: =O52*(IF(D52="1D",($L$4*$L$5),($N$4*$N$5)))*(K52-L52) -> #N/A | Q52: =K52*B52*C52 -> #N/A | R52: =Q52-P52 -> #N/A | S52: =R52/(B52*C52) -> #N/A | T52: =$T$7*$T$8*$T$8*$T$8/12 -> 857500 | U52: =T52 -> 857500 | V52: =(C52*100/2)*(J52*J52*J52*1000000)/12 -> #N/A | W52: =(B52*100/2)*(J52*J52*J52*1000000)/12 -> #N/A | X52: =T52/V52 -> #N/A | Y52: =U52/W52 -> #N/A | Z52: =(X52*2+Y52*2)/4 -> #N/A | AA52: =IF(Z52>2,"OK","CHK") -> #N/A | AB52: =(F52*(0.8+($C$9/14000)))/(36+5*G52*(0.2-0.12)) -> #N/A
A53: =REPT('Espesor E3'!AC2,65) -> E3 / E3 / E3 / E3 / E3 / E3 / E3 / E3 / E3 / E3 / E3 / E3 / E3 / E3 / E3 / E3 / E3 / E3 / E3 / E3 / E3 / E3 / E3 / E3 / E3 / E3 / E3 / E3 / E3 / E3 / E3 / E3 / E3 / E3 / E3 / E3 / E3 / E3 / E3 / E3 / E3 / E3 / E3 / E3 / E3 / E3 / E3 / E3 / E3 / E3 / E3 / E3 / E3 / E3 / E3 / E3 / E3 / E3 / E3 / E3 / E3 / E3 / E3 / E3 / E3 /
A54: {=IFERROR(INDEX('Espesor E3'!A9:A58, SMALL(IF('Espesor E3'!J9:J58>=0.2, ROW('Espesor E3'!J9:J58)-ROW('Espesor E3'!A9)+1), ROW(1:1))), "N/A")} -> N/A | B54: =VLOOKUP($A54,'Espesor E3'!$A$9:$J$58,2,FALSE) -> #N/A | C54: =VLOOKUP($A54,'Espesor E3'!$A$9:$J$58,3,FALSE) -> #N/A | D54: =VLOOKUP($A54,'Espesor E3'!$A$9:$J$58,4,FALSE) -> #N/A | E54: =VLOOKUP($A54,'Espesor E3'!$A$9:$J$58,5,FALSE) -> #N/A | F54: =VLOOKUP($A54,'Espesor E3'!$A$9:$J$58,6,FALSE) -> #N/A | G54: =VLOOKUP($A54,'Espesor E3'!$A$9:$J$58,7,FALSE) -> #N/A | H54: =IF(D54="2D",(F54*(0.8+($C$8/14000)))/(36+9*G54),F54/E54) -> #N/A | I54: Usar h = | J54: =MAX(0.12,H54) -> #N/A | K54: =VLOOKUP($A54,'Espesor E3'!$A$9:$J$58,10,FALSE) -> #N/A | L54: 0.05 | M54: =IF(D54="2D",IF(B54<C54,INT(B54/($N$3+$N$5)),INT(B54/($N$3+$N$4))),IF(B54>C54,INT(B54/($L$3+$L$4)),INT(B54/$L$5))) -> #N/A | N54: =IF(D54="2D",IF(C54<B54,INT(C54/($N$3+$N$5)),INT(C54/($N$3+$N$4))),IF(C54>B54,INT(C54/($L$3+$L$4)),INT(C54/$L$5))) -> #N/A | O54: =M54*N54 -> #N/A | P54: =O54*(IF(D54="1D",($L$4*$L$5),($N$4*$N$5)))*(K54-L54) -> #N/A | Q54: =K54*B54*C54 -> #N/A | R54: =Q54-P54 -> #N/A | S54: =R54/(B54*C54) -> #N/A | T54: =$T$7*$T$8*$T$8*$T$8/12 -> 857500 | U54: =T54 -> 857500 | V54: =(C54*100/2)*(J54*J54*J54*1000000)/12 -> #N/A | W54: =(B54*100/2)*(J54*J54*J54*1000000)/12 -> #N/A | X54: =T54/V54 -> #N/A | Y54: =U54/W54 -> #N/A | Z54: =(X54*2+Y54*2)/4 -> #N/A | AA54: =IF(Z54>2,"OK","CHK") -> #N/A | AB54: =(F54*(0.8+($C$9/14000)))/(36+5*G54*(0.2-0.12)) -> #N/A
A55: {=IFERROR(INDEX('Espesor E3'!A10:A59, SMALL(IF('Espesor E3'!J10:J59>=0.2, ROW('Espesor E3'!J10:J59)-ROW('Espesor E3'!A10)+1), ROW(2:2))), "N/A")} -> N/A | B55: =VLOOKUP($A55,'Espesor E3'!$A$9:$J$58,2,FALSE) -> #N/A | C55: =VLOOKUP($A55,'Espesor E3'!$A$9:$J$58,3,FALSE) -> #N/A | D55: =VLOOKUP($A55,'Espesor E3'!$A$9:$J$58,4,FALSE) -> #N/A | E55: =VLOOKUP($A55,'Espesor E3'!$A$9:$J$58,5,FALSE) -> #N/A | F55: =VLOOKUP($A55,'Espesor E3'!$A$9:$J$58,6,FALSE) -> #N/A | G55: =VLOOKUP($A55,'Espesor E3'!$A$9:$J$58,7,FALSE) -> #N/A | H55: =IF(D55="2D",(F55*(0.8+($C$8/14000)))/(36+9*G55),F55/E55) -> #N/A | I55: Usar h = | J55: =MAX(0.12,H55) -> #N/A | K55: =VLOOKUP($A55,'Espesor E3'!$A$9:$J$58,10,FALSE) -> #N/A | L55: 0.05 | M55: =IF(D55="2D",IF(B55<C55,INT(B55/($N$3+$N$5)),INT(B55/($N$3+$N$4))),IF(B55>C55,INT(B55/($L$3+$L$4)),INT(B55/$L$5))) -> #N/A | N55: =IF(D55="2D",IF(C55<B55,INT(C55/($N$3+$N$5)),INT(C55/($N$3+$N$4))),IF(C55>B55,INT(C55/($L$3+$L$4)),INT(C55/$L$5))) -> #N/A | O55: =M55*N55 -> #N/A | P55: =O55*(IF(D55="1D",($L$4*$L$5),($N$4*$N$5)))*(K55-L55) -> #N/A | Q55: =K55*B55*C55 -> #N/A | R55: =Q55-P55 -> #N/A | S55: =R55/(B55*C55) -> #N/A | T55: =$T$7*$T$8*$T$8*$T$8/12 -> 857500 | U55: =T55 -> 857500 | V55: =(C55*100/2)*(J55*J55*J55*1000000)/12 -> #N/A | W55: =(B55*100/2)*(J55*J55*J55*1000000)/12 -> #N/A | X55: =T55/V55 -> #N/A | Y55: =U55/W55 -> #N/A | Z55: =(X55*2+Y55*2)/4 -> #N/A | AA55: =IF(Z55>2,"OK","CHK") -> #N/A | AB55: =(F55*(0.8+($C$9/14000)))/(36+5*G55*(0.2-0.12)) -> #N/A
A56: {=IFERROR(INDEX('Espesor E3'!A11:A60, SMALL(IF('Espesor E3'!J11:J60>=0.2, ROW('Espesor E3'!J11:J60)-ROW('Espesor E3'!A11)+1), ROW(3:3))), "N/A")} -> N/A | B56: =VLOOKUP($A56,'Espesor E3'!$A$9:$J$58,2,FALSE) -> #N/A | C56: =VLOOKUP($A56,'Espesor E3'!$A$9:$J$58,3,FALSE) -> #N/A | D56: =VLOOKUP($A56,'Espesor E3'!$A$9:$J$58,4,FALSE) -> #N/A | E56: =VLOOKUP($A56,'Espesor E3'!$A$9:$J$58,5,FALSE) -> #N/A | F56: =VLOOKUP($A56,'Espesor E3'!$A$9:$J$58,6,FALSE) -> #N/A | G56: =VLOOKUP($A56,'Espesor E3'!$A$9:$J$58,7,FALSE) -> #N/A | H56: =IF(D56="2D",(F56*(0.8+($C$8/14000)))/(36+9*G56),F56/E56) -> #N/A | I56: Usar h = | J56: =MAX(0.12,H56) -> #N/A | K56: =VLOOKUP($A56,'Espesor E3'!$A$9:$J$58,10,FALSE) -> #N/A | L56: 0.05 | M56: =IF(D56="2D",IF(B56<C56,INT(B56/($N$3+$N$5)),INT(B56/($N$3+$N$4))),IF(B56>C56,INT(B56/($L$3+$L$4)),INT(B56/$L$5))) -> #N/A | N56: =IF(D56="2D",IF(C56<B56,INT(C56/($N$3+$N$5)),INT(C56/($N$3+$N$4))),IF(C56>B56,INT(C56/($L$3+$L$4)),INT(C56/$L$5))) -> #N/A | O56: =M56*N56 -> #N/A | P56: =O56*(IF(D56="1D",($L$4*$L$5),($N$4*$N$5)))*(K56-L56) -> #N/A | Q56: =K56*B56*C56 -> #N/A | R56: =Q56-P56 -> #N/A | S56: =R56/(B56*C56) -> #N/A | T56: =$T$7*$T$8*$T$8*$T$8/12 -> 857500 | U56: =T56 -> 857500 | V56: =(C56*100/2)*(J56*J56*J56*1000000)/12 -> #N/A | W56: =(B56*100/2)*(J56*J56*J56*1000000)/12 -> #N/A | X56: =T56/V56 -> #N/A | Y56: =U56/W56 -> #N/A | Z56: =(X56*2+Y56*2)/4 -> #N/A | AA56: =IF(Z56>2,"OK","CHK") -> #N/A | AB56: =(F56*(0.8+($C$9/14000)))/(36+5*G56*(0.2-0.12)) -> #N/A
A57: {=IFERROR(INDEX('Espesor E3'!A12:A61, SMALL(IF('Espesor E3'!J12:J61>=0.2, ROW('Espesor E3'!J12:J61)-ROW('Espesor E3'!A12)+1), ROW(4:4))), "N/A")} -> N/A | B57: =VLOOKUP($A57,'Espesor E3'!$A$9:$J$58,2,FALSE) -> #N/A | C57: =VLOOKUP($A57,'Espesor E3'!$A$9:$J$58,3,FALSE) -> #N/A | D57: =VLOOKUP($A57,'Espesor E3'!$A$9:$J$58,4,FALSE) -> #N/A | E57: =VLOOKUP($A57,'Espesor E3'!$A$9:$J$58,5,FALSE) -> #N/A | F57: =VLOOKUP($A57,'Espesor E3'!$A$9:$J$58,6,FALSE) -> #N/A | G57: =VLOOKUP($A57,'Espesor E3'!$A$9:$J$58,7,FALSE) -> #N/A | H57: =IF(D57="2D",(F57*(0.8+($C$8/14000)))/(36+9*G57),F57/E57) -> #N/A | I57: Usar h = | J57: =MAX(0.12,H57) -> #N/A | K57: =VLOOKUP($A57,'Espesor E3'!$A$9:$J$58,10,FALSE) -> #N/A | L57: 0.05 | M57: =IF(D57="2D",IF(B57<C57,INT(B57/($N$3+$N$5)),INT(B57/($N$3+$N$4))),IF(B57>C57,INT(B57/($L$3+$L$4)),INT(B57/$L$5))) -> #N/A | N57: =IF(D57="2D",IF(C57<B57,INT(C57/($N$3+$N$5)),INT(C57/($N$3+$N$4))),IF(C57>B57,INT(C57/($L$3+$L$4)),INT(C57/$L$5))) -> #N/A | O57: =M57*N57 -> #N/A | P57: =O57*(IF(D57="1D",($L$4*$L$5),($N$4*$N$5)))*(K57-L57) -> #N/A | Q57: =K57*B57*C57 -> #N/A | R57: =Q57-P57 -> #N/A | S57: =R57/(B57*C57) -> #N/A | T57: =$T$7*$T$8*$T$8*$T$8/12 -> 857500 | U57: =T57 -> 857500 | V57: =(C57*100/2)*(J57*J57*J57*1000000)/12 -> #N/A | W57: =(B57*100/2)*(J57*J57*J57*1000000)/12 -> #N/A | X57: =T57/V57 -> #N/A | Y57: =U57/W57 -> #N/A | Z57: =(X57*2+Y57*2)/4 -> #N/A | AA57: =IF(Z57>2,"OK","CHK") -> #N/A | AB57: =(F57*(0.8+($C$9/14000)))/(36+5*G57*(0.2-0.12)) -> #N/A
A58: {=IFERROR(INDEX('Espesor E3'!A13:A62, SMALL(IF('Espesor E3'!J13:J62>=0.2, ROW('Espesor E3'!J13:J62)-ROW('Espesor E3'!A13)+1), ROW(5:5))), "N/A")} -> N/A | B58: =VLOOKUP($A58,'Espesor E3'!$A$9:$J$58,2,FALSE) -> #N/A | C58: =VLOOKUP($A58,'Espesor E3'!$A$9:$J$58,3,FALSE) -> #N/A | D58: =VLOOKUP($A58,'Espesor E3'!$A$9:$J$58,4,FALSE) -> #N/A | E58: =VLOOKUP($A58,'Espesor E3'!$A$9:$J$58,5,FALSE) -> #N/A | F58: =VLOOKUP($A58,'Espesor E3'!$A$9:$J$58,6,FALSE) -> #N/A | G58: =VLOOKUP($A58,'Espesor E3'!$A$9:$J$58,7,FALSE) -> #N/A | H58: =IF(D58="2D",(F58*(0.8+($C$8/14000)))/(36+9*G58),F58/E58) -> #N/A | I58: Usar h = | J58: =MAX(0.12,H58) -> #N/A | K58: =VLOOKUP($A58,'Espesor E3'!$A$9:$J$58,10,FALSE) -> #N/A | L58: 0.05 | M58: =IF(D58="2D",IF(B58<C58,INT(B58/($N$3+$N$5)),INT(B58/($N$3+$N$4))),IF(B58>C58,INT(B58/($L$3+$L$4)),INT(B58/$L$5))) -> #N/A | N58: =IF(D58="2D",IF(C58<B58,INT(C58/($N$3+$N$5)),INT(C58/($N$3+$N$4))),IF(C58>B58,INT(C58/($L$3+$L$4)),INT(C58/$L$5))) -> #N/A | O58: =M58*N58 -> #N/A | P58: =O58*(IF(D58="1D",($L$4*$L$5),($N$4*$N$5)))*(K58-L58) -> #N/A | Q58: =K58*B58*C58 -> #N/A | R58: =Q58-P58 -> #N/A | S58: =R58/(B58*C58) -> #N/A | T58: =$T$7*$T$8*$T$8*$T$8/12 -> 857500 | U58: =T58 -> 857500 | V58: =(C58*100/2)*(J58*J58*J58*1000000)/12 -> #N/A | W58: =(B58*100/2)*(J58*J58*J58*1000000)/12 -> #N/A | X58: =T58/V58 -> #N/A | Y58: =U58/W58 -> #N/A | Z58: =(X58*2+Y58*2)/4 -> #N/A | AA58: =IF(Z58>2,"OK","CHK") -> #N/A | AB58: =(F58*(0.8+($C$9/14000)))/(36+5*G58*(0.2-0.12)) -> #N/A
A59: {=IFERROR(INDEX('Espesor E3'!A14:A63, SMALL(IF('Espesor E3'!J14:J63>=0.2, ROW('Espesor E3'!J14:J63)-ROW('Espesor E3'!A14)+1), ROW(6:6))), "N/A")} -> N/A | B59: =VLOOKUP($A59,'Espesor E3'!$A$9:$J$58,2,FALSE) -> #N/A | C59: =VLOOKUP($A59,'Espesor E3'!$A$9:$J$58,3,FALSE) -> #N/A | D59: =VLOOKUP($A59,'Espesor E3'!$A$9:$J$58,4,FALSE) -> #N/A | E59: =VLOOKUP($A59,'Espesor E3'!$A$9:$J$58,5,FALSE) -> #N/A | F59: =VLOOKUP($A59,'Espesor E3'!$A$9:$J$58,6,FALSE) -> #N/A | G59: =VLOOKUP($A59,'Espesor E3'!$A$9:$J$58,7,FALSE) -> #N/A | H59: =IF(D59="2D",(F59*(0.8+($C$8/14000)))/(36+9*G59),F59/E59) -> #N/A | I59: Usar h = | J59: =MAX(0.12,H59) -> #N/A | K59: =VLOOKUP($A59,'Espesor E3'!$A$9:$J$58,10,FALSE) -> #N/A | L59: 0.05 | M59: =IF(D59="2D",IF(B59<C59,INT(B59/($N$3+$N$5)),INT(B59/($N$3+$N$4))),IF(B59>C59,INT(B59/($L$3+$L$4)),INT(B59/$L$5))) -> #N/A | N59: =IF(D59="2D",IF(C59<B59,INT(C59/($N$3+$N$5)),INT(C59/($N$3+$N$4))),IF(C59>B59,INT(C59/($L$3+$L$4)),INT(C59/$L$5))) -> #N/A | O59: =M59*N59 -> #N/A | P59: =O59*(IF(D59="1D",($L$4*$L$5),($N$4*$N$5)))*(K59-L59) -> #N/A | Q59: =K59*B59*C59 -> #N/A | R59: =Q59-P59 -> #N/A | S59: =R59/(B59*C59) -> #N/A | T59: =$T$7*$T$8*$T$8*$T$8/12 -> 857500 | U59: =T59 -> 857500 | V59: =(C59*100/2)*(J59*J59*J59*1000000)/12 -> #N/A | W59: =(B59*100/2)*(J59*J59*J59*1000000)/12 -> #N/A | X59: =T59/V59 -> #N/A | Y59: =U59/W59 -> #N/A | Z59: =(X59*2+Y59*2)/4 -> #N/A | AA59: =IF(Z59>2,"OK","CHK") -> #N/A | AB59: =(F59*(0.8+($C$9/14000)))/(36+5*G59*(0.2-0.12)) -> #N/A
A60: {=IFERROR(INDEX('Espesor E3'!A15:A64, SMALL(IF('Espesor E3'!J15:J64>=0.2, ROW('Espesor E3'!J15:J64)-ROW('Espesor E3'!A15)+1), ROW(7:7))), "N/A")} -> N/A | B60: =VLOOKUP($A60,'Espesor E3'!$A$9:$J$58,2,FALSE) -> #N/A | C60: =VLOOKUP($A60,'Espesor E3'!$A$9:$J$58,3,FALSE) -> #N/A | D60: =VLOOKUP($A60,'Espesor E3'!$A$9:$J$58,4,FALSE) -> #N/A | E60: =VLOOKUP($A60,'Espesor E3'!$A$9:$J$58,5,FALSE) -> #N/A | F60: =VLOOKUP($A60,'Espesor E3'!$A$9:$J$58,6,FALSE) -> #N/A | G60: =VLOOKUP($A60,'Espesor E3'!$A$9:$J$58,7,FALSE) -> #N/A | H60: =IF(D60="2D",(F60*(0.8+($C$8/14000)))/(36+9*G60),F60/E60) -> #N/A | I60: Usar h = | J60: =MAX(0.12,H60) -> #N/A | K60: =VLOOKUP($A60,'Espesor E3'!$A$9:$J$58,10,FALSE) -> #N/A | L60: 0.05 | M60: =IF(D60="2D",IF(B60<C60,INT(B60/($N$3+$N$5)),INT(B60/($N$3+$N$4))),IF(B60>C60,INT(B60/($L$3+$L$4)),INT(B60/$L$5))) -> #N/A | N60: =IF(D60="2D",IF(C60<B60,INT(C60/($N$3+$N$5)),INT(C60/($N$3+$N$4))),IF(C60>B60,INT(C60/($L$3+$L$4)),INT(C60/$L$5))) -> #N/A | O60: =M60*N60 -> #N/A | P60: =O60*(IF(D60="1D",($L$4*$L$5),($N$4*$N$5)))*(K60-L60) -> #N/A | Q60: =K60*B60*C60 -> #N/A | R60: =Q60-P60 -> #N/A | S60: =R60/(B60*C60) -> #N/A | T60: =$T$7*$T$8*$T$8*$T$8/12 -> 857500 | U60: =T60 -> 857500 | V60: =(C60*100/2)*(J60*J60*J60*1000000)/12 -> #N/A | W60: =(B60*100/2)*(J60*J60*J60*1000000)/12 -> #N/A | X60: =T60/V60 -> #N/A | Y60: =U60/W60 -> #N/A | Z60: =(X60*2+Y60*2)/4 -> #N/A | AA60: =IF(Z60>2,"OK","CHK") -> #N/A | AB60: =(F60*(0.8+($C$9/14000)))/(36+5*G60*(0.2-0.12)) -> #N/A
A61: {=IFERROR(INDEX('Espesor E3'!A16:A65, SMALL(IF('Espesor E3'!J16:J65>=0.2, ROW('Espesor E3'!J16:J65)-ROW('Espesor E3'!A16)+1), ROW(8:8))), "N/A")} -> N/A | B61: =VLOOKUP($A61,'Espesor E3'!$A$9:$J$58,2,FALSE) -> #N/A | C61: =VLOOKUP($A61,'Espesor E3'!$A$9:$J$58,3,FALSE) -> #N/A | D61: =VLOOKUP($A61,'Espesor E3'!$A$9:$J$58,4,FALSE) -> #N/A | E61: =VLOOKUP($A61,'Espesor E3'!$A$9:$J$58,5,FALSE) -> #N/A | F61: =VLOOKUP($A61,'Espesor E3'!$A$9:$J$58,6,FALSE) -> #N/A | G61: =VLOOKUP($A61,'Espesor E3'!$A$9:$J$58,7,FALSE) -> #N/A | H61: =IF(D61="2D",(F61*(0.8+($C$8/14000)))/(36+9*G61),F61/E61) -> #N/A | I61: Usar h = | J61: =MAX(0.12,H61) -> #N/A | K61: =VLOOKUP($A61,'Espesor E3'!$A$9:$J$58,10,FALSE) -> #N/A | L61: 0.05 | M61: =IF(D61="2D",IF(B61<C61,INT(B61/($N$3+$N$5)),INT(B61/($N$3+$N$4))),IF(B61>C61,INT(B61/($L$3+$L$4)),INT(B61/$L$5))) -> #N/A | N61: =IF(D61="2D",IF(C61<B61,INT(C61/($N$3+$N$5)),INT(C61/($N$3+$N$4))),IF(C61>B61,INT(C61/($L$3+$L$4)),INT(C61/$L$5))) -> #N/A | O61: =M61*N61 -> #N/A | P61: =O61*(IF(D61="1D",($L$4*$L$5),($N$4*$N$5)))*(K61-L61) -> #N/A | Q61: =K61*B61*C61 -> #N/A | R61: =Q61-P61 -> #N/A | S61: =R61/(B61*C61) -> #N/A | T61: =$T$7*$T$8*$T$8*$T$8/12 -> 857500 | U61: =T61 -> 857500 | V61: =(C61*100/2)*(J61*J61*J61*1000000)/12 -> #N/A | W61: =(B61*100/2)*(J61*J61*J61*1000000)/12 -> #N/A | X61: =T61/V61 -> #N/A | Y61: =U61/W61 -> #N/A | Z61: =(X61*2+Y61*2)/4 -> #N/A | AA61: =IF(Z61>2,"OK","CHK") -> #N/A | AB61: =(F61*(0.8+($C$9/14000)))/(36+5*G61*(0.2-0.12)) -> #N/A
A62: {=IFERROR(INDEX('Espesor E3'!A17:A66, SMALL(IF('Espesor E3'!J17:J66>=0.2, ROW('Espesor E3'!J17:J66)-ROW('Espesor E3'!A17)+1), ROW(9:9))), "N/A")} -> N/A | B62: =VLOOKUP($A62,'Espesor E3'!$A$9:$J$58,2,FALSE) -> #N/A | C62: =VLOOKUP($A62,'Espesor E3'!$A$9:$J$58,3,FALSE) -> #N/A | D62: =VLOOKUP($A62,'Espesor E3'!$A$9:$J$58,4,FALSE) -> #N/A | E62: =VLOOKUP($A62,'Espesor E3'!$A$9:$J$58,5,FALSE) -> #N/A | F62: =VLOOKUP($A62,'Espesor E3'!$A$9:$J$58,6,FALSE) -> #N/A | G62: =VLOOKUP($A62,'Espesor E3'!$A$9:$J$58,7,FALSE) -> #N/A | H62: =IF(D62="2D",(F62*(0.8+($C$8/14000)))/(36+9*G62),F62/E62) -> #N/A | I62: Usar h = | J62: =MAX(0.12,H62) -> #N/A | K62: =VLOOKUP($A62,'Espesor E3'!$A$9:$J$58,10,FALSE) -> #N/A | L62: 0.05 | M62: =IF(D62="2D",IF(B62<C62,INT(B62/($N$3+$N$5)),INT(B62/($N$3+$N$4))),IF(B62>C62,INT(B62/($L$3+$L$4)),INT(B62/$L$5))) -> #N/A | N62: =IF(D62="2D",IF(C62<B62,INT(C62/($N$3+$N$5)),INT(C62/($N$3+$N$4))),IF(C62>B62,INT(C62/($L$3+$L$4)),INT(C62/$L$5))) -> #N/A | O62: =M62*N62 -> #N/A | P62: =O62*(IF(D62="1D",($L$4*$L$5),($N$4*$N$5)))*(K62-L62) -> #N/A | Q62: =K62*B62*C62 -> #N/A | R62: =Q62-P62 -> #N/A | S62: =R62/(B62*C62) -> #N/A | T62: =$T$7*$T$8*$T$8*$T$8/12 -> 857500 | U62: =T62 -> 857500 | V62: =(C62*100/2)*(J62*J62*J62*1000000)/12 -> #N/A | W62: =(B62*100/2)*(J62*J62*J62*1000000)/12 -> #N/A | X62: =T62/V62 -> #N/A | Y62: =U62/W62 -> #N/A | Z62: =(X62*2+Y62*2)/4 -> #N/A | AA62: =IF(Z62>2,"OK","CHK") -> #N/A | AB62: =(F62*(0.8+($C$9/14000)))/(36+5*G62*(0.2-0.12)) -> #N/A
A63: {=IFERROR(INDEX('Espesor E3'!A18:A67, SMALL(IF('Espesor E3'!J18:J67>=0.2, ROW('Espesor E3'!J18:J67)-ROW('Espesor E3'!A18)+1), ROW(10:10))), "N/A")} -> N/A | B63: =VLOOKUP($A63,'Espesor E3'!$A$9:$J$58,2,FALSE) -> #N/A | C63: =VLOOKUP($A63,'Espesor E3'!$A$9:$J$58,3,FALSE) -> #N/A | D63: =VLOOKUP($A63,'Espesor E3'!$A$9:$J$58,4,FALSE) -> #N/A | E63: =VLOOKUP($A63,'Espesor E3'!$A$9:$J$58,5,FALSE) -> #N/A | F63: =VLOOKUP($A63,'Espesor E3'!$A$9:$J$58,6,FALSE) -> #N/A | G63: =VLOOKUP($A63,'Espesor E3'!$A$9:$J$58,7,FALSE) -> #N/A | H63: =IF(D63="2D",(F63*(0.8+($C$8/14000)))/(36+9*G63),F63/E63) -> #N/A | I63: Usar h = | J63: =MAX(0.12,H63) -> #N/A | K63: =VLOOKUP($A63,'Espesor E3'!$A$9:$J$58,10,FALSE) -> #N/A | L63: 0.05 | M63: =IF(D63="2D",IF(B63<C63,INT(B63/($N$3+$N$5)),INT(B63/($N$3+$N$4))),IF(B63>C63,INT(B63/($L$3+$L$4)),INT(B63/$L$5))) -> #N/A | N63: =IF(D63="2D",IF(C63<B63,INT(C63/($N$3+$N$5)),INT(C63/($N$3+$N$4))),IF(C63>B63,INT(C63/($L$3+$L$4)),INT(C63/$L$5))) -> #N/A | O63: =M63*N63 -> #N/A | P63: =O63*(IF(D63="1D",($L$4*$L$5),($N$4*$N$5)))*(K63-L63) -> #N/A | Q63: =K63*B63*C63 -> #N/A | R63: =Q63-P63 -> #N/A | S63: =R63/(B63*C63) -> #N/A | T63: =$T$7*$T$8*$T$8*$T$8/12 -> 857500 | U63: =T63 -> 857500 | V63: =(C63*100/2)*(J63*J63*J63*1000000)/12 -> #N/A | W63: =(B63*100/2)*(J63*J63*J63*1000000)/12 -> #N/A | X63: =T63/V63 -> #N/A | Y63: =U63/W63 -> #N/A | Z63: =(X63*2+Y63*2)/4 -> #N/A | AA63: =IF(Z63>2,"OK","CHK") -> #N/A | AB63: =(F63*(0.8+($C$9/14000)))/(36+5*G63*(0.2-0.12)) -> #N/A
A64: {=IFERROR(INDEX('Espesor E3'!A19:A68, SMALL(IF('Espesor E3'!J19:J68>=0.2, ROW('Espesor E3'!J19:J68)-ROW('Espesor E3'!A19)+1), ROW(11:11))), "N/A")} -> N/A | B64: =VLOOKUP($A64,'Espesor E3'!$A$9:$J$58,2,FALSE) -> #N/A | C64: =VLOOKUP($A64,'Espesor E3'!$A$9:$J$58,3,FALSE) -> #N/A | D64: =VLOOKUP($A64,'Espesor E3'!$A$9:$J$58,4,FALSE) -> #N/A | E64: =VLOOKUP($A64,'Espesor E3'!$A$9:$J$58,5,FALSE) -> #N/A | F64: =VLOOKUP($A64,'Espesor E3'!$A$9:$J$58,6,FALSE) -> #N/A | G64: =VLOOKUP($A64,'Espesor E3'!$A$9:$J$58,7,FALSE) -> #N/A | H64: =IF(D64="2D",(F64*(0.8+($C$8/14000)))/(36+9*G64),F64/E64) -> #N/A | I64: Usar h = | J64: =MAX(0.12,H64) -> #N/A | K64: =VLOOKUP($A64,'Espesor E3'!$A$9:$J$58,10,FALSE) -> #N/A | L64: 0.05 | M64: =IF(D64="2D",IF(B64<C64,INT(B64/($N$3+$N$5)),INT(B64/($N$3+$N$4))),IF(B64>C64,INT(B64/($L$3+$L$4)),INT(B64/$L$5))) -> #N/A | N64: =IF(D64="2D",IF(C64<B64,INT(C64/($N$3+$N$5)),INT(C64/($N$3+$N$4))),IF(C64>B64,INT(C64/($L$3+$L$4)),INT(C64/$L$5))) -> #N/A | O64: =M64*N64 -> #N/A | P64: =O64*(IF(D64="1D",($L$4*$L$5),($N$4*$N$5)))*(K64-L64) -> #N/A | Q64: =K64*B64*C64 -> #N/A | R64: =Q64-P64 -> #N/A | S64: =R64/(B64*C64) -> #N/A | T64: =$T$7*$T$8*$T$8*$T$8/12 -> 857500 | U64: =T64 -> 857500 | V64: =(C64*100/2)*(J64*J64*J64*1000000)/12 -> #N/A | W64: =(B64*100/2)*(J64*J64*J64*1000000)/12 -> #N/A | X64: =T64/V64 -> #N/A | Y64: =U64/W64 -> #N/A | Z64: =(X64*2+Y64*2)/4 -> #N/A | AA64: =IF(Z64>2,"OK","CHK") -> #N/A | AB64: =(F64*(0.8+($C$9/14000)))/(36+5*G64*(0.2-0.12)) -> #N/A
A65: {=IFERROR(INDEX('Espesor E3'!A20:A69, SMALL(IF('Espesor E3'!J20:J69>=0.2, ROW('Espesor E3'!J20:J69)-ROW('Espesor E3'!A20)+1), ROW(12:12))), "N/A")} -> N/A | B65: =VLOOKUP($A65,'Espesor E3'!$A$9:$J$58,2,FALSE) -> #N/A | C65: =VLOOKUP($A65,'Espesor E3'!$A$9:$J$58,3,FALSE) -> #N/A | D65: =VLOOKUP($A65,'Espesor E3'!$A$9:$J$58,4,FALSE) -> #N/A | E65: =VLOOKUP($A65,'Espesor E3'!$A$9:$J$58,5,FALSE) -> #N/A | F65: =VLOOKUP($A65,'Espesor E3'!$A$9:$J$58,6,FALSE) -> #N/A | G65: =VLOOKUP($A65,'Espesor E3'!$A$9:$J$58,7,FALSE) -> #N/A | H65: =IF(D65="2D",(F65*(0.8+($C$8/14000)))/(36+9*G65),F65/E65) -> #N/A | I65: Usar h = | J65: =MAX(0.12,H65) -> #N/A | K65: =VLOOKUP($A65,'Espesor E3'!$A$9:$J$58,10,FALSE) -> #N/A | L65: 0.05 | M65: =IF(D65="2D",IF(B65<C65,INT(B65/($N$3+$N$5)),INT(B65/($N$3+$N$4))),IF(B65>C65,INT(B65/($L$3+$L$4)),INT(B65/$L$5))) -> #N/A | N65: =IF(D65="2D",IF(C65<B65,INT(C65/($N$3+$N$5)),INT(C65/($N$3+$N$4))),IF(C65>B65,INT(C65/($L$3+$L$4)),INT(C65/$L$5))) -> #N/A | O65: =M65*N65 -> #N/A | P65: =O65*(IF(D65="1D",($L$4*$L$5),($N$4*$N$5)))*(K65-L65) -> #N/A | Q65: =K65*B65*C65 -> #N/A | R65: =Q65-P65 -> #N/A | S65: =R65/(B65*C65) -> #N/A | T65: =$T$7*$T$8*$T$8*$T$8/12 -> 857500 | U65: =T65 -> 857500 | V65: =(C65*100/2)*(J65*J65*J65*1000000)/12 -> #N/A | W65: =(B65*100/2)*(J65*J65*J65*1000000)/12 -> #N/A | X65: =T65/V65 -> #N/A | Y65: =U65/W65 -> #N/A | Z65: =(X65*2+Y65*2)/4 -> #N/A | AA65: =IF(Z65>2,"OK","CHK") -> #N/A | AB65: =(F65*(0.8+($C$9/14000)))/(36+5*G65*(0.2-0.12)) -> #N/A
